$MeshFormat
4.1 0 8
$EndMeshFormat
$PhysicalNames
5
0 1 "Fixed"
1 1 "Fixed"
1 2 "Neumann"
2 1 "domain"
2 2 "third"
$EndPhysicalNames
$Entities
12 13 2 0
1 0 -1.8 0 0 
2 3.8 -1.8 0 0 
3 0 0 0 1 1 
4 2 0 0 0 
5 0.2 0.2 0 0 
6 2 0.2 0 0 
7 0.2 0.8 0 0 
8 2 0.8 0 0 
9 0 1 0 1 1 
10 2 1 0 0 
11 0 2.8 0 0 
12 3.8 2.8 0 0 
1 0 -1.8 0 3.8 -1.8 0 0 2 1 -2 
2 0 0 0 2 0 0 0 2 3 -4 
3 0.2 0.2 0 2 0.2 0 0 2 5 -6 
4 0.2 0.8 0 2 0.8 0 0 2 7 -8 
5 0 1 0 2 1 0 0 2 9 -10 
6 0 2.8 0 3.8 2.8 0 0 2 11 -12 
7 0 -1.8 0 0 0 0 0 2 1 -3 
8 0 0 0 0 1 0 1 1 2 3 -9 
9 0.2 0.2 0 0.2 0.8 0 0 2 5 -7 
10 2 0 0 2 0.2 0 0 2 4 -6 
11 2 0.8 0 2 1 0 1 2 2 8 -10 
12 0 1 0 0 2.8 0 0 2 9 -11 
13 3.8 -1.8 0 3.8 2.8 0 0 2 2 -12 
1 0 0 0 2 1 0 1 1 8 2 10 -3 9 4 11 -5 -8 
2 0 -1.8 0 3.8 2.8 0 1 2 12 1 13 -6 -12 5 -11 -4 -9 3 -10 -2 -7 
$EndEntities
$Nodes
27 2161 1 2161
0 1 0 1
1
0 -1.8 0
0 2 0 1
2
3.8 -1.8 0
0 3 0 1
3
0 0 0
0 4 0 1
4
2 0 0
0 5 0 1
5
0.2 0.2 0
0 6 0 1
6
2 0.2 0
0 7 0 1
7
0.2 0.8 0
0 8 0 1
8
2 0.8 0
0 9 0 1
9
0 1 0
0 10 0 1
10
2 1 0
0 11 0 1
11
0 2.8 0
0 12 0 1
12
3.8 2.8 0
1 1 0 37
13
14
15
16
17
18
19
20
21
22
23
24
25
26
27
28
29
30
31
32
33
34
35
36
37
38
39
40
41
42
43
44
45
46
47
48
49
0.09999999999980683 -1.8 0
0.1999999999995827 -1.8 0
0.2999999999994061 -1.8 0
0.3999999999992366 -1.8 0
0.4999999999990506 -1.8 0
0.5999999999987584 -1.8 0
0.6999999999984646 -1.8 0
0.7999999999981707 -1.8 0
0.8999999999978768 -1.8 0
0.9999999999976411 -1.8 0
1.099999999997398 -1.8 0
1.199999999997147 -1.8 0
1.299999999996853 -1.8 0
1.399999999996516 -1.8 0
1.4999999999962 -1.8 0
1.599999999995885 -1.8 0
1.699999999995634 -1.8 0
1.79999999999534 -1.8 0
1.899999999995133 -1.8 0
1.99999999999538 -1.8 0
2.099999999995616 -1.8 0
2.199999999995957 -1.8 0
2.299999999996317 -1.8 0
2.39999999999658 -1.8 0
2.499999999996738 -1.8 0
2.599999999997057 -1.8 0
2.699999999997196 -1.8 0
2.799999999997346 -1.8 0
2.899999999997664 -1.8 0
2.999999999997813 -1.8 0
3.099999999997954 -1.8 0
3.199999999998272 -1.8 0
3.29999999999843 -1.8 0
3.399999999998691 -1.8 0
3.499999999999049 -1.8 0
3.599999999999389 -1.8 0
3.699999999999651 -1.8 0
1 2 0 19
50
51
52
53
54
55
56
57
58
59
60
61
62
63
64
65
66
67
68
0.09999999999979935 0 0
0.1999999999996294 0 0
0.2999999999994072 0 0
0.3999999999991158 0 0
0.4999999999988243 0 0
0.5999999999985328 0 0
0.6999999999982414 0 0
0.7999999999979499 0 0
0.8999999999976585 0 0
0.9999999999973885 0 0
1.09999999999763 0 0
1.199999999997894 0 0
1.299999999998157 0 0
1.39999999999842 0 0
1.499999999998683 0 0
1.599999999998947 0 0
1.69999999999921 0 0
1.799999999999474 0 0
1.899999999999737 0 0
1 3 0 17
69
70
71
72
73
74
75
76
77
78
79
80
81
82
83
84
85
0.2999999999998114 0.2 0
0.3999999999996637 0.2 0
0.4999999999994017 0.2 0
0.5999999999990637 0.2 0
0.699999999998697 0.2 0
0.7999999999984315 0.2 0
0.8999999999982093 0.2 0
0.999999999997963 0.2 0
1.099999999997707 0.2 0
1.199999999997938 0.2 0
1.299999999998211 0.2 0
1.399999999998485 0.2 0
1.499999999998716 0.2 0
1.59999999999899 0.2 0
1.699999999999235 0.2 0
1.799999999999494 0.2 0
1.899999999999769 0.2 0
1 4 0 17
86
87
88
89
90
91
92
93
94
95
96
97
98
99
100
101
102
0.2999999999998114 0.8 0
0.3999999999996637 0.8 0
0.4999999999994017 0.8 0
0.5999999999990637 0.8 0
0.699999999998697 0.8 0
0.7999999999984315 0.8 0
0.8999999999982093 0.8 0
0.999999999997963 0.8 0
1.099999999997707 0.8 0
1.199999999997938 0.8 0
1.299999999998211 0.8 0
1.399999999998485 0.8 0
1.499999999998716 0.8 0
1.59999999999899 0.8 0
1.699999999999235 0.8 0
1.799999999999494 0.8 0
1.899999999999769 0.8 0
1 5 0 19
103
104
105
106
107
108
109
110
111
112
113
114
115
116
117
118
119
120
121
0.09999999999979935 1 0
0.1999999999996294 1 0
0.2999999999994072 1 0
0.3999999999991158 1 0
0.4999999999988243 1 0
0.5999999999985328 1 0
0.6999999999982414 1 0
0.7999999999979499 1 0
0.8999999999976585 1 0
0.9999999999973885 1 0
1.09999999999763 1 0
1.199999999997894 1 0
1.299999999998157 1 0
1.39999999999842 1 0
1.499999999998683 1 0
1.599999999998947 1 0
1.69999999999921 1 0
1.799999999999474 1 0
1.899999999999737 1 0
1 6 0 37
122
123
124
125
126
127
128
129
130
131
132
133
134
135
136
137
138
139
140
141
142
143
144
145
146
147
148
149
150
151
152
153
154
155
156
157
158
0.09999999999980683 2.8 0
0.1999999999995827 2.8 0
0.2999999999994061 2.8 0
0.3999999999992366 2.8 0
0.4999999999990506 2.8 0
0.5999999999987584 2.8 0
0.6999999999984646 2.8 0
0.7999999999981707 2.8 0
0.8999999999978768 2.8 0
0.9999999999976411 2.8 0
1.099999999997398 2.8 0
1.199999999997147 2.8 0
1.299999999996853 2.8 0
1.399999999996516 2.8 0
1.4999999999962 2.8 0
1.599999999995885 2.8 0
1.699999999995634 2.8 0
1.79999999999534 2.8 0
1.899999999995133 2.8 0
1.99999999999538 2.8 0
2.099999999995616 2.8 0
2.199999999995957 2.8 0
2.299999999996317 2.8 0
2.39999999999658 2.8 0
2.499999999996738 2.8 0
2.599999999997057 2.8 0
2.699999999997196 2.8 0
2.799999999997346 2.8 0
2.899999999997664 2.8 0
2.999999999997813 2.8 0
3.099999999997954 2.8 0
3.199999999998272 2.8 0
3.29999999999843 2.8 0
3.399999999998691 2.8 0
3.499999999999049 2.8 0
3.599999999999389 2.8 0
3.699999999999651 2.8 0
1 7 0 17
159
160
161
162
163
164
165
166
167
168
169
170
171
172
173
174
175
0 -1.700000000000121 0
0 -1.600000000000207 0
0 -1.500000000000419 0
0 -1.400000000000612 0
0 -1.300000000000868 0
0 -1.2000000000012 0
0 -1.100000000001562 0
0 -1.000000000001976 0
0 -0.900000000002277 0
0 -0.8000000000020482 0
0 -0.700000000001793 0
0 -0.6000000000015184 0
0 -0.5000000000012874 0
0 -0.4000000000010129 0
0 -0.3000000000007672 0
0 -0.2000000000005071 0
0 -0.1000000000002319 0
1 8 0 9
176
177
178
179
180
181
182
183
184
0 0.09999999999981468 0
0 0.1999999999995579 0
0 0.2999999999992664 0
0 0.399999999998975 0
0 0.4999999999986943 0
0 0.5999999999989468 0
0 0.69999999999921 0
0 0.7999999999994734 0
0 0.8999999999997368 0
1 9 0 5
185
186
187
188
189
0.2 0.2999999999997958 0
0.2 0.3999999999994724 0
0.2 0.4999999999991919 0
0.2 0.5999999999994395 0
0.2 0.6999999999997015 0
1 10 0 1
190
2 0.09999999999973684 0
1 11 0 1
191
2 0.8999999999998264 0
1 12 0 17
192
193
194
195
196
197
198
199
200
201
202
203
204
205
206
207
208
0 1.099999999999817 0
0 1.1999999999996 0
0 1.299999999999408 0
0 1.399999999999157 0
0 1.499999999999042 0
0 1.599999999998613 0
0 1.699999999998363 0
0 1.799999999998064 0
0 1.899999999997876 0
0 1.999999999998257 0
0 2.099999999998493 0
0 2.199999999998931 0
0 2.299999999999245 0
0 2.3999999999995 0
0 2.499999999999669 0
0 2.599999999999751 0
0 2.699999999999909 0
1 13 0 45
209
210
211
212
213
214
215
216
217
218
219
220
221
222
223
224
225
226
227
228
229
230
231
232
233
234
235
236
237
238
239
240
241
242
243
244
245
246
247
248
249
250
251
252
253
3.8 -1.700000000000174 0
3.8 -1.600000000000347 0
3.8 -1.500000000000521 0
3.8 -1.400000000000694 0
3.8 -1.300000000000868 0
3.8 -1.200000000001042 0
3.8 -1.100000000001366 0
3.8 -1.000000000001655 0
3.8 -0.9000000000018898 0
3.8 -0.8000000000021661 0
3.8 -0.7000000000025 0
3.8 -0.6000000000027075 0
3.8 -0.5000000000030373 0
3.8 -0.4000000000032522 0
3.8 -0.3000000000036334 0
3.8 -0.2000000000038407 0
3.8 -0.1000000000041654 0
3.8 -4.389599794762944e-12 0
3.8 0.09999999999531406 0
3.8 0.199999999995069 0
3.8 0.2999999999948424 0
3.8 0.3999999999945334 0
3.8 0.4999999999943598 0
3.8 0.599999999994582 0
3.8 0.6999999999948912 0
3.8 0.7999999999951994 0
3.8 0.8999999999954105 0
3.8 0.9999999999956442 0
3.8 1.099999999995806 0
3.8 1.199999999996088 0
3.8 1.299999999996224 0
3.8 1.399999999996532 0
3.8 1.499999999996842 0
3.8 1.599999999997152 0
3.8 1.699999999997462 0
3.8 1.799999999997772 0
3.8 1.899999999998082 0
3.8 1.999999999998391 0
3.8 2.099999999998353 0
3.8 2.199999999998663 0
3.8 2.299999999998973 0
3.8 2.399999999999283 0
3.8 2.499999999999593 0
3.8 2.599999999999826 0
3.8 2.699999999999864 0
2 1 0 50
254
255
256
257
258
259
260
261
262
263
264
265
266
267
268
269
270
271
272
273
274
275
276
277
278
279
280
281
282
283
284
285
286
287
288
289
290
291
292
293
294
295
296
297
298
299
300
301
302
303
0.08620579639842965 0.1514055432787076 0
0.1499999999997144 0.9133974596217392 0
0.6498761177802752 0.1047673051180677 0
0.6498761177802751 0.8952326948819325 0
0.104712682104944 0.3499999999995063 0
0.4501238822179034 0.1047673051181015 0
0.4499999999993284 0.8986082844650018 0
0.8497571908497692 0.09989293889417679 0
0.8497571908497693 0.9001070611058231 0
0.251060110909202 0.09548286851558827 0
0.09617215439372168 0.5496531297872611 0
1.049999999997628 0.9013917155349171 0
1.049999999997628 0.09860828446508271 0
0.1083368866964511 0.7494190655611261 0
1.550242809147081 0.1001070611057184 0
1.549904664548096 0.8952464595819202 0
1.849999999999632 0.1133974596213438 0
1.849999999999632 0.8866025403786563 0
1.249999999998041 0.9013917155348514 0
1.249999999998037 0.09544726517871584 0
0.3499999999994029 0.9037538846535524 0
1.149999999997786 0.1022156834240362 0
1.149999999997806 0.9004639051782946 0
0.549999999999061 0.09821171656164043 0
0.5499852521158973 0.90219013934111 0
0.9499595318064361 0.0997502038932099 0
0.9499595318064361 0.9002497961067899 0
1.350041835083587 0.8984788355889679 0
1.349999999998327 0.1020677883298413 0
1.749824695283045 0.9026237820319752 0
1.75012388221784 0.09550188819184219 0
1.450040468189952 0.1003624749059266 0
1.450094035112078 0.9022206383386153 0
0.2499999999997808 0.8948964266032472 0
0.1007515068483621 0.6498453658909474 0
0.3501973321875172 0.1000416956056149 0
0.09848641308389561 0.2502342572128056 0
1.650061115226884 0.09926815821626007 0
0.1001474727497776 0.4499421882971835 0
0.7495401020100401 0.902552098455929 0
0.7495401020100401 0.09744790154407079 0
1.649954893304587 0.8996450402689825 0
0.08619337215757163 0.8418923502916396 0
0.1549038105673476 0.08377132402698764 0
1.934254833383967 0.9266317716836396 0
1.934254833383977 0.07336822831629065 0
0.07320508075672293 0.07320508075672702 0
0.07320508075666991 0.9267949192432059 0
1.94201878662766 0.1422017935193408 0
1.942018786627528 0.8577982064806282 0
2 2 0 1858
304
305
306
307
308
309
310
311
312
313
314
315
316
317
318
319
320
321
322
323
324
325
326
327
328
329
330
331
332
333
334
335
336
337
338
339
340
341
342
343
344
345
346
347
348
349
350
351
352
353
354
355
356
357
358
359
360
361
362
363
364
365
366
367
368
369
370
371
372
373
374
375
376
377
378
379
380
381
382
383
384
385
386
387
388
389
390
391
392
393
394
395
396
397
398
399
400
401
402
403
404
405
406
407
408
409
410
411
412
413
414
415
416
417
418
419
420
421
422
423
424
425
426
427
428
429
430
431
432
433
434
435
436
437
438
439
440
441
442
443
444
445
446
447
448
449
450
451
452
453
454
455
456
457
458
459
460
461
462
463
464
465
466
467
468
469
470
471
472
473
474
475
476
477
478
479
480
481
482
483
484
485
486
487
488
489
490
491
492
493
494
495
496
497
498
499
500
501
502
503
504
505
506
507
508
509
510
511
512
513
514
515
516
517
518
519
520
521
522
523
524
525
526
527
528
529
530
531
532
533
534
535
536
537
538
539
540
541
542
543
544
545
546
547
548
549
550
551
552
553
554
555
556
557
558
559
560
561
562
563
564
565
566
567
568
569
570
571
572
573
574
575
576
577
578
579
580
581
582
583
584
585
586
587
588
589
590
591
592
593
594
595
596
597
598
599
600
601
602
603
604
605
606
607
608
609
610
611
612
613
614
615
616
617
618
619
620
621
622
623
624
625
626
627
628
629
630
631
632
633
634
635
636
637
638
639
640
641
642
643
644
645
646
647
648
649
650
651
652
653
654
655
656
657
658
659
660
661
662
663
664
665
666
667
668
669
670
671
672
673
674
675
676
677
678
679
680
681
682
683
684
685
686
687
688
689
690
691
692
693
694
695
696
697
698
699
700
701
702
703
704
705
706
707
708
709
710
711
712
713
714
715
716
717
718
719
720
721
722
723
724
725
726
727
728
729
730
731
732
733
734
735
736
737
738
739
740
741
742
743
744
745
746
747
748
749
750
751
752
753
754
755
756
757
758
759
760
761
762
763
764
765
766
767
768
769
770
771
772
773
774
775
776
777
778
779
780
781
782
783
784
785
786
787
788
789
790
791
792
793
794
795
796
797
798
799
800
801
802
803
804
805
806
807
808
809
810
811
812
813
814
815
816
817
818
819
820
821
822
823
824
825
826
827
828
829
830
831
832
833
834
835
836
837
838
839
840
841
842
843
844
845
846
847
848
849
850
851
852
853
854
855
856
857
858
859
860
861
862
863
864
865
866
867
868
869
870
871
872
873
874
875
876
877
878
879
880
881
882
883
884
885
886
887
888
889
890
891
892
893
894
895
896
897
898
899
900
901
902
903
904
905
906
907
908
909
910
911
912
913
914
915
916
917
918
919
920
921
922
923
924
925
926
927
928
929
930
931
932
933
934
935
936
937
938
939
940
941
942
943
944
945
946
947
948
949
950
951
952
953
954
955
956
957
958
959
960
961
962
963
964
965
966
967
968
969
970
971
972
973
974
975
976
977
978
979
980
981
982
983
984
985
986
987
988
989
990
991
992
993
994
995
996
997
998
999
1000
1001
1002
1003
1004
1005
1006
1007
1008
1009
1010
1011
1012
1013
1014
1015
1016
1017
1018
1019
1020
1021
1022
1023
1024
1025
1026
1027
1028
1029
1030
1031
1032
1033
1034
1035
1036
1037
1038
1039
1040
1041
1042
1043
1044
1045
1046
1047
1048
1049
1050
1051
1052
1053
1054
1055
1056
1057
1058
1059
1060
1061
1062
1063
1064
1065
1066
1067
1068
1069
1070
1071
1072
1073
1074
1075
1076
1077
1078
1079
1080
1081
1082
1083
1084
1085
1086
1087
1088
1089
1090
1091
1092
1093
1094
1095
1096
1097
1098
1099
1100
1101
1102
1103
1104
1105
1106
1107
1108
1109
1110
1111
1112
1113
1114
1115
1116
1117
1118
1119
1120
1121
1122
1123
1124
1125
1126
1127
1128
1129
1130
1131
1132
1133
1134
1135
1136
1137
1138
1139
1140
1141
1142
1143
1144
1145
1146
1147
1148
1149
1150
1151
1152
1153
1154
1155
1156
1157
1158
1159
1160
1161
1162
1163
1164
1165
1166
1167
1168
1169
1170
1171
1172
1173
1174
1175
1176
1177
1178
1179
1180
1181
1182
1183
1184
1185
1186
1187
1188
1189
1190
1191
1192
1193
1194
1195
1196
1197
1198
1199
1200
1201
1202
1203
1204
1205
1206
1207
1208
1209
1210
1211
1212
1213
1214
1215
1216
1217
1218
1219
1220
1221
1222
1223
1224
1225
1226
1227
1228
1229
1230
1231
1232
1233
1234
1235
1236
1237
1238
1239
1240
1241
1242
1243
1244
1245
1246
1247
1248
1249
1250
1251
1252
1253
1254
1255
1256
1257
1258
1259
1260
1261
1262
1263
1264
1265
1266
1267
1268
1269
1270
1271
1272
1273
1274
1275
1276
1277
1278
1279
1280
1281
1282
1283
1284
1285
1286
1287
1288
1289
1290
1291
1292
1293
1294
1295
1296
1297
1298
1299
1300
1301
1302
1303
1304
1305
1306
1307
1308
1309
1310
1311
1312
1313
1314
1315
1316
1317
1318
1319
1320
1321
1322
1323
1324
1325
1326
1327
1328
1329
1330
1331
1332
1333
1334
1335
1336
1337
1338
1339
1340
1341
1342
1343
1344
1345
1346
1347
1348
1349
1350
1351
1352
1353
1354
1355
1356
1357
1358
1359
1360
1361
1362
1363
1364
1365
1366
1367
1368
1369
1370
1371
1372
1373
1374
1375
1376
1377
1378
1379
1380
1381
1382
1383
1384
1385
1386
1387
1388
1389
1390
1391
1392
1393
1394
1395
1396
1397
1398
1399
1400
1401
1402
1403
1404
1405
1406
1407
1408
1409
1410
1411
1412
1413
1414
1415
1416
1417
1418
1419
1420
1421
1422
1423
1424
1425
1426
1427
1428
1429
1430
1431
1432
1433
1434
1435
1436
1437
1438
1439
1440
1441
1442
1443
1444
1445
1446
1447
1448
1449
1450
1451
1452
1453
1454
1455
1456
1457
1458
1459
1460
1461
1462
1463
1464
1465
1466
1467
1468
1469
1470
1471
1472
1473
1474
1475
1476
1477
1478
1479
1480
1481
1482
1483
1484
1485
1486
1487
1488
1489
1490
1491
1492
1493
1494
1495
1496
1497
1498
1499
1500
1501
1502
1503
1504
1505
1506
1507
1508
1509
1510
1511
1512
1513
1514
1515
1516
1517
1518
1519
1520
1521
1522
1523
1524
1525
1526
1527
1528
1529
1530
1531
1532
1533
1534
1535
1536
1537
1538
1539
1540
1541
1542
1543
1544
1545
1546
1547
1548
1549
1550
1551
1552
1553
1554
1555
1556
1557
1558
1559
1560
1561
1562
1563
1564
1565
1566
1567
1568
1569
1570
1571
1572
1573
1574
1575
1576
1577
1578
1579
1580
1581
1582
1583
1584
1585
1586
1587
1588
1589
1590
1591
1592
1593
1594
1595
1596
1597
1598
1599
1600
1601
1602
1603
1604
1605
1606
1607
1608
1609
1610
1611
1612
1613
1614
1615
1616
1617
1618
1619
1620
1621
1622
1623
1624
1625
1626
1627
1628
1629
1630
1631
1632
1633
1634
1635
1636
1637
1638
1639
1640
1641
1642
1643
1644
1645
1646
1647
1648
1649
1650
1651
1652
1653
1654
1655
1656
1657
1658
1659
1660
1661
1662
1663
1664
1665
1666
1667
1668
1669
1670
1671
1672
1673
1674
1675
1676
1677
1678
1679
1680
1681
1682
1683
1684
1685
1686
1687
1688
1689
1690
1691
1692
1693
1694
1695
1696
1697
1698
1699
1700
1701
1702
1703
1704
1705
1706
1707
1708
1709
1710
1711
1712
1713
1714
1715
1716
1717
1718
1719
1720
1721
1722
1723
1724
1725
1726
1727
1728
1729
1730
1731
1732
1733
1734
1735
1736
1737
1738
1739
1740
1741
1742
1743
1744
1745
1746
1747
1748
1749
1750
1751
1752
1753
1754
1755
1756
1757
1758
1759
1760
1761
1762
1763
1764
1765
1766
1767
1768
1769
1770
1771
1772
1773
1774
1775
1776
1777
1778
1779
1780
1781
1782
1783
1784
1785
1786
1787
1788
1789
1790
1791
1792
1793
1794
1795
1796
1797
1798
1799
1800
1801
1802
1803
1804
1805
1806
1807
1808
1809
1810
1811
1812
1813
1814
1815
1816
1817
1818
1819
1820
1821
1822
1823
1824
1825
1826
1827
1828
1829
1830
1831
1832
1833
1834
1835
1836
1837
1838
1839
1840
1841
1842
1843
1844
1845
1846
1847
1848
1849
1850
1851
1852
1853
1854
1855
1856
1857
1858
1859
1860
1861
1862
1863
1864
1865
1866
1867
1868
1869
1870
1871
1872
1873
1874
1875
1876
1877
1878
1879
1880
1881
1882
1883
1884
1885
1886
1887
1888
1889
1890
1891
1892
1893
1894
1895
1896
1897
1898
1899
1900
1901
1902
1903
1904
1905
1906
1907
1908
1909
1910
1911
1912
1913
1914
1915
1916
1917
1918
1919
1920
1921
1922
1923
1924
1925
1926
1927
1928
1929
1930
1931
1932
1933
1934
1935
1936
1937
1938
1939
1940
1941
1942
1943
1944
1945
1946
1947
1948
1949
1950
1951
1952
1953
1954
1955
1956
1957
1958
1959
1960
1961
1962
1963
1964
1965
1966
1967
1968
1969
1970
1971
1972
1973
1974
1975
1976
1977
1978
1979
1980
1981
1982
1983
1984
1985
1986
1987
1988
1989
1990
1991
1992
1993
1994
1995
1996
1997
1998
1999
2000
2001
2002
2003
2004
2005
2006
2007
2008
2009
2010
2011
2012
2013
2014
2015
2016
2017
2018
2019
2020
2021
2022
2023
2024
2025
2026
2027
2028
2029
2030
2031
2032
2033
2034
2035
2036
2037
2038
2039
2040
2041
2042
2043
2044
2045
2046
2047
2048
2049
2050
2051
2052
2053
2054
2055
2056
2057
2058
2059
2060
2061
2062
2063
2064
2065
2066
2067
2068
2069
2070
2071
2072
2073
2074
2075
2076
2077
2078
2079
2080
2081
2082
2083
2084
2085
2086
2087
2088
2089
2090
2091
2092
2093
2094
2095
2096
2097
2098
2099
2100
2101
2102
2103
2104
2105
2106
2107
2108
2109
2110
2111
2112
2113
2114
2115
2116
2117
2118
2119
2120
2121
2122
2123
2124
2125
2126
2127
2128
2129
2130
2131
2132
2133
2134
2135
2136
2137
2138
2139
2140
2141
2142
2143
2144
2145
2146
2147
2148
2149
2150
2151
2152
2153
2154
2155
2156
2157
2158
2159
2160
2161
2.760812031333386 -1.706724594658973 0
2.749999999997271 2.713397459621431 0
3.713397459621843 -0.6500000000026037 0
3.715470053837804 1.649999999997774 0
2.349999999996448 -1.713397459621374 0
2.349999999996461 2.716299889738988 0
3.709898518112069 -0.2405101327706344 0
3.704999911880931 0.536089706305 0
3.71548929912896 1.249999999996141 0
0.9499999999978765 -0.08660254037802254 0
0.9499999999978614 1.086602540378235 0
3.712501978635678 0.1584970753339002 0
1.349999999996685 2.713397459621848 0
1.349999999996685 -1.713397459621848 0
1.74999999999545 2.713397459621743 0
1.749999999995487 -1.713397459621811 0
2.086602540378316 0.8499999999999421 0
1.949999999999767 -0.08660254037843586 0
2.049999999999783 -0.09201209903605298 0
1.949999999999901 1.086602540378742 0
2.050000000000067 1.091068360252501 0
1.549999999999204 -0.08660254037853067 0
1.549999999998815 1.086602540378672 0
0.95418577197347 -1.715814116198733 0
0.949999999997759 2.713397459621789 0
1.999999999999789 -0.1741066738663937 0
2.099999999999678 -0.173724551136759 0
2.000000000000049 1.173949384069604 0
2.100000000000157 1.174073434621602 0
2.049999999999735 -0.2599767953600859 0
2.14999999999961 -0.259922395235956 0
2.199999999999544 -0.1742545269540375 0
2.249999999999475 -0.260001657851476 0
2.050000000000062 1.259877585784962 0
2.15000000000023 1.25996400755474 0
2.299999999999403 -0.1734123279090798 0
0.09191010496349224 -0.8558450800705849 0
0.07974630070537217 1.943632357715357 0
2.34999999999933 -0.2598745017798991 0
2.099999999999673 -0.3464343067792799 0
2.100000000000144 1.346447886692429 0
2.200000000000312 1.346442513447242 0
2.399999999999252 -0.1732507687229942 0
3.713397459621577 2.049999999998364 0
3.699066871601492 -1.045623441809346 0
2.449999999999175 -0.2598263825702825 0
2.250000000000384 1.259839077527781 0
2.300000000000468 1.346420796235221 0
2.350000000000545 1.259814636321297 0
2.400000000000624 1.346413103165473 0
2.450000000000716 1.259809280608603 0
2.15000000000023 1.433015742167504 0
2.499999999999089 -0.1732158223237131 0
2.500000000000783 1.346410928368405 0
2.550000000000875 1.259808025523648 0
2.549999999999003 -0.259812538302132 0
2.499999999999096 -0.3464141079471196 0
2.599999999998936 -0.173207690545836 0
2.599999999998924 -0.3464116387802065 0
2.549999999999014 -0.4330136058418064 0
2.600000000000944 1.346410356721398 0
2.55000000000086 1.433012862236519 0
2.650000000001018 1.25980772106832 0
2.649999999998922 -0.4330130987611625 0
2.599999999998947 -0.5196154590732883 0
2.650000000001027 1.433012761151433 0
2.600000000000942 1.519615278871925 0
2.050000000000058 1.433019496135097 0
2.100000000000143 1.519616881357704 0
1.999999999999976 1.519616647826301 0
2.050000000000053 1.60621791474102 0
1.949999999999903 1.606218038924437 0
2.699999999998866 -0.5196153445487768 0
2.649999999998877 -0.6062178358286858 0
2.700000000001118 1.519615258248074 0
2.650000000001032 1.606217791412999 0
2.552750798787885 -0.0881929400257587 0
2.65045846646367 -0.08686804195126331 0
2.603285676330084 -0.001897491291479425 0
2.700624023798101 -0.0003604988109199292 0
2.650651616687348 0.08415361447816579 0
3.149999999998113 2.713397459621427 0
3.149999999998088 -1.713397459621433 0
1.999999999999975 1.69282038775626 0
1.899999999999837 1.692820376529023 0
2.749999999998836 -0.6062178085582073 0
2.747530363525089 1.607643632057715 0
2.749999999998652 0.08660254037804256 0
2.690513060934935 0.1842534232781369 0
2.699999999998814 -0.69282033620836 0
2.599999999998921 -0.6928203340870214 0
2.699588393921712 1.693057966057225 0
0.09288371143778691 1.540031885837904 0
0.08451070087093032 -1.250000000001032 0
0.5355143448059746 -0.09318553700442746 0
0.5392693383062888 2.709259370687913 0
3.704647083834976 0.8580374272455052 0
2.049999999995499 -1.713397459621351 0
2.060812031332238 2.706724594660374 0
1.249999999997981 -0.08660254037858457 0
1.249999999997935 1.086602540378636 0
0.6499999999999211 1.086602540380267 0
0.6457192967739306 -1.718771354897936 0
2.798418843487944 0.1750464711766062 0
2.749999999998654 0.2598076211346341 0
2.799999999998962 -0.6928203295419348 0
2.798589264879252 1.693634811603344 0
2.799999999999005 -0.5196152636347954 0
2.797118757445246 1.527817145876588 0
2.64999999999888 -0.7794228644567549 0
2.549999999998963 -0.7794228654237135 0
1.949999999999902 1.779422868536563 0
1.849999999999804 1.779422873178861 0
2.600000000000969 1.17320516481067 0
2.700000000001084 1.173205088739472 0
2.849736473913417 0.08690943878132773 0
2.749696276467573 1.779598218674588 0
2.849736473913548 0.2601145195378526 0
2.847244620415967 1.781013682665309 0
2.599999999998994 -0.8660254042951291 0
2.499999999999018 -0.8660254042051387 0
1.899999999999845 1.866025406269259 0
1.799999999999793 1.866025405828285 0
1.749999999999751 1.779422865376308 0
1.699999999999772 1.866025404454364 0
1.649999999999752 1.779422863846937 0
1.599999999999778 1.866025403970476 0
1.549999999999776 1.779422863511409 0
1.49999999999981 1.866025403833915 0
1.449999999999824 1.77942286343275 0
1.399999999999875 1.866025403798038 0
1.349999999999906 1.779422863413678 0
1.299999999999973 1.866025403788931 0
1.250000000000024 1.779422863409003 0
1.200000000000106 1.866025403786631 0
1.15000000000017 1.779422863407862 0
1.100000000000259 1.86602540378598 0
1.050000000000331 1.779422863407577 0
1.000000000000425 1.86602540378583 0
0.9500000000005029 1.779422863407517 0
1.999999999999902 1.866025405054591 0
0.9000000000006018 1.8660254037858 0
0.08660254037867807 -0.5500000000012901 0
0.07449939971081683 2.249077460891696 0
2.799490149481359 1.866319766206893 0
2.899455794983873 1.866339600732454 0
1.999999999999774 -0.3464423814286109 0
2.800910521723346 0.3459102634745886 0
2.90010783260523 0.3463779949069699 0
2.049999999999724 -0.4330161254329724 0
1.949999999999799 -0.4330186424678945 0
1.999999999999758 -0.5196163570460901 0
1.899999999999832 -0.5196164181622167 0
1.949999999999787 -0.6062177826486143 0
1.849999999999873 -0.6062179786306081 0
1.899999999999823 -0.6928203556906448 0
1.799999999999924 -0.6928203611345909 0
1.849999999999866 -0.7794228664757273 0
1.749999999999983 -0.779422870268335 0
1.799999999999919 -0.8660254054392139 0
1.700000000000015 -0.8660254052033842 0
1.650000000000105 -0.7794228647857931 0
1.600000000000144 -0.8660254042503467 0
1.550000000000238 -0.7794228637132049 0
1.500000000000316 -0.8660254039127602 0
1.450000000000389 -0.7794228634781867 0
1.400000000000477 -0.8660254038173224 0
1.350000000000556 -0.7794228634231504 0
1.300000000000653 -0.8660254037922389 0
1.250000000000741 -0.7794228634098199 0
1.200000000000848 -0.866025403785833 0
1.150000000000944 -0.7794228634065147 0
1.100000000001057 -0.8660254037842107 0
1.050000000001167 -0.7794228634056939 0
1.000000000001284 -0.8660254037838034 0
0.9500000000014062 -0.7794228634054867 0
0.9000000000015196 -0.8660254037837027 0
2.944510796281555 1.785836203091 0
0.8500000000006813 1.779422863407512 0
0.850000000001634 -0.7794228634054375 0
1.150000000000951 -0.9526279441623765 0
1.550000000000093 -0.9526279442612229 0
2.54999999999897 -0.952627944202266 0
2.649999999999072 -0.9526279442537789 0
1.150000000000178 1.952627944164069 0
1.549999999999824 1.952627944203032 0
0.8000000000017646 -0.8660254037836853 0
2.710783946379177 0.3469649055115314 0
2.6999031459469 1.866081322558466 0
2.449999999999046 -0.9526279442388171 0
0.8500000000016433 -0.9526279441619034 0
1.84999999999981 1.952627944360622 0
2.849824324078363 1.952729370725849 0
2.949880019844731 1.952697214749179 0
0.8000000000007825 1.866025403785793 0
0.8500000000006988 1.952627944164085 0
2.851124168459365 0.4323729766783416 0
2.950205333509804 0.4329007199213649 0
3.704918221633106 -1.365411976069935 0
3.713397459621357 2.349999999999153 0
3.000037281679436 0.3463930009678187 0
0.7500000000019044 -0.9526279441619228 0
0.7500000000008715 1.952627944164079 0
0.7500000000008757 1.779422863407514 0
0.7500000000018714 -0.7794228634054359 0
2.900221583660493 0.5194899577392058 0
3.000071152860799 0.5195756978526749 0
2.499999999999036 -1.039230484559734 0
2.399999999999102 -1.039230484556278 0
0.8000000000017824 -1.039230484540127 0
0.8000000000007914 2.039230484542383 0
2.899950723988136 2.039258934067436 0
2.999971790639882 2.039246771227933 0
2.086602540378307 0.7500000000000583 0
2.173205080756634 0.7999999999999959 0
2.17320508075664 0.7000000000001068 0
2.259807621134987 0.7500000000000608 0
2.952518425895218 0.6047644658725836 0
3.050431596458302 0.6059689724491828 0
0.7000000000020477 -1.039230484540147 0
0.7000000000009524 2.039230484542384 0
0.7500000000008669 2.125833024920703 0
2.949987085772328 2.125840480956529 0
2.849989634960951 2.125839009181535 0
3.049993146069819 2.125836982041619 0
3.099994156119448 2.039233858510571 0
0.800000000000766 1.692820323029255 0
0.7000000000009817 1.692820323029265 0
1.100000000000178 1.692820323029278 0
1.399999999999841 1.692820323034403 0
0.8000000000017516 -0.6928203230271641 0
0.7000000000019481 -0.6928203230271689 0
1.100000000001077 -0.6928203230273915 0
1.400000000000458 -0.692820323042284 0
3.002961306867238 0.6911107899131899 0
3.100565483886506 0.6924939324744744 0
3.053057434933962 0.777657697509803 0
2.650000000001043 1.08660255571801 0
2.847869383856215 0.5942158859265599 0
3.149999449110901 2.125833342978696 0
3.150060561244021 0.6061828457704279 0
3.150603819802353 0.7790742706637632 0
3.103079845597732 0.864247265393117 0
0.7500000000019276 -1.125833024918347 0
2.449999999999062 -1.125833024920109 0
2.349999999999153 -1.125833024921542 0
0.6500000000021978 -1.125833024918361 0
0.6500000000010546 2.125833024920674 0
0.3500000000001905 1.086602540379276 0
0.3391879686644084 -1.706724594658247 0
1.899999999999829 1.519615519243235 0
0.7500000000018427 -0.6062177826488814 0
0.6500000000020211 -0.6062177826488933 0
2.542174927251203 0.08858612815399404 0
3.200613944232331 0.8656709485948537 0
3.150615631637286 0.9522725118988015 0
2.259807621134993 0.650000000000163 0
3.199998934206315 2.039231099880528 0
0.6000000000023201 -1.039230484540169 0
2.150000000000214 1.606218077846357 0
1.800000000000038 -0.5196154709159889 0
3.250204929310582 0.9525096295866351 0
3.200136760156948 1.039151526734065 0
0.600000000001173 2.039230484542298 0
0.7000000000009436 2.212435565299019 0
0.8000000000007894 2.212435565299014 0
0.6000000000012262 2.212435565299098 0
2.899996120123155 2.212437805349352 0
2.799997625848167 2.212436936018388 0
0.7500000000008566 1.606217782651024 0
0.650000000001096 1.606217782651042 0
1.899999999999798 -0.8660254045713366 0
1.849999999999824 -0.9526279445691614 0
2.449999999999105 -0.7794228638118041 0
2.346410161513346 0.7000000000001153 0
0.6506229762737673 0.7127794930542799 0
1.056277373951388 0.7202015828504835 0
1.463910293689878 0.7049999118823411 0
1.840817438093965 0.2905697247442592 0
3.460730661692092 -1.709259370687143 0
3.439187968663888 2.706724594660093 0
3.249999730554175 2.125833180487407 0
0.6000000000021402 -0.6928203230271858 0
0.8500000000016612 -1.125833024918334 0
0.8000000000018065 -1.212435565296554 0
0.9000000000015391 -1.212435565296542 0
0.6000000000012291 1.692820323029266 0
2.399999999999092 -1.212435565297744 0
2.29999999999919 -1.212435565297626 0
2.499999999999091 -1.21243556529736 0
3.199999863278743 2.21243564423737 0
0.8483118449131914 0.2877287226058802 0
1.249999999998074 0.2866025403786623 0
0.5500000000013479 1.606217782651054 0
0.550000000002178 -0.6062177826489015 0
0.7500000000008754 2.299038105677324 0
0.8500000000007036 2.299038105677343 0
0.5500000000024416 -1.125833024918357 0
0.5000000000014936 1.692820323029271 0
0.7000000000018856 -0.519615242270582 0
0.800000000001736 -0.5196152422705913 0
2.086602540378435 0.1499999999998564 0
3.300056948243574 1.039197605810181 0
3.250032284732424 1.125814385496224 0
3.150028174147135 1.125816758714144 0
3.200002622988988 1.212434050927333 0
2.34641016151335 0.6000000000002141 0
3.29999977746142 2.039230613026974 0
3.249999785279218 1.952628068134787 0
3.349999927124807 1.952627986240253 0
3.302469588544327 1.86745127674439 0
0.5000000000026011 -1.03923048454019 0
3.300136478922764 0.8659466088224562 0
0.5528702737150566 0.2882628036660744 0
1.544028731726946 0.28923577788496 0
1.749999999999365 0.7133974596213377 0
0.500000000002281 -0.692820323027207 0
3.300005817952641 1.212432206332048 0
3.250001406822611 1.299037293453473 0
3.299999932306857 2.212435604384041 0
3.100005132854885 1.212432601868368 0
0.700000000000959 1.519615242272809 0
0.8000000000007123 1.519615242272783 0
0.08885430207213173 1.34907980009853 0
3.715221718677914 -0.4531597093744651 0
0.08936897659107641 2.447606774342281 0
2.939269338304821 -1.709259370687225 0
2.949999999997758 2.713397459621423 0
0.08660254037861984 -0.3500000000008932 0
2.539187968661615 -1.706724594658818 0
0.08979485504847097 -1.444478290111756 0
3.711420048657952 0.3487241095109727 0
0.3513800884651185 2.712465591199253 0
2.549999999996897 2.713397459621427 0
3.720857211368131 -0.8478099186196932 0
2.400000000000722 1.173206526533622 0
1.749999999999553 1.086602540379317 0
3.724412304749413 -0.0479239862830313 0
1.599999999999739 1.692820323119696 0
1.149999999997273 2.713397459621791 0
1.149999999997258 -1.713397459621791 0
1.350000000000484 -0.9526279441689622 0
1.999999999999718 -0.6928203284709229 0
1.350000000000315 1.95262794416711 0
3.732747678321271 1.450525588829804 0
0.6000000000023471 -1.212435565296565 0
0.5000000000025959 -1.212435565296558 0
1.549999999996042 -1.71339745962183 0
1.539269338303853 2.709259370688277 0
2.173205080756692 0.6000000000002363 0
0.7499999999986794 -0.08660254037828891 0
0.3490798000980225 -0.08885430207194009 0
2.699999999998976 -0.3464104738694651 0
2.599931398987576 1.69285993166067 0
2.750092048490555 -0.08665577170369768 0
2.299999999999411 -0.3464536477403036 0
2.953472760109424 0.7643410734392231 0
1.949999999999725 -0.9526279443611572 0
1.89999999999975 -1.03923048464138 0
2.099999999999661 -0.5196159986563822 0
2.349999999999174 -0.952627944177374 0
1.900000000000014 -0.3464165215953562 0
0.5500000000025013 -1.299038105674763 0
0.8500000000016839 -1.299038105674762 0
0.9500000000014146 -1.299038105674749 0
2.449999999999077 -1.299038105675619 0
2.549999999999091 -1.299038105675519 0
3.24999996593222 2.299038125348974 0
2.84999895766278 2.299038707473341 0
2.749999430585921 2.299038434430907 0
2.699999509406348 2.212435848545294 0
2.649999954012835 2.299038132230096 0
2.599999910570434 2.212435616932972 0
2.549999977431115 2.29613568859182 0
2.499999981334094 2.211951837724524 0
2.449999993128016 2.295571318117354 0
2.399999995744105 2.211777146110705 0
2.349999998145758 2.298350571220249 0
2.299999998982025 2.212211239692201 0
2.349999999121219 2.125685900788678 0
2.249999999521641 2.298886129000961 0
2.199999999750822 2.212372848252523 0
2.14999999987905 2.299002323391143 0
0.8450859523224025 0.7102633430217626 0
1.05627737395166 0.2797984171500238 0
1.253261839027574 0.7104361222402078 0
2.433012701891706 0.650000000000165 0
0.07710716517524697 1.746988720551575 0
0.2866025403784296 0.5499999999993158 0
0.7457192967735612 2.718771354898243 0
3.050615912872384 0.9391955208729651 0
0.09533464750699105 -1.043959280730778 0
3.70466535249372 1.043959280726888 0
2.431551952554173 0.7506306136690255 0
0.4500000000027871 -1.299038105674777 0
3.350001204128326 1.299037410478077 0
3.300000113274018 1.385640580655652 0
3.200000253348374 1.385640499784373 0
3.247530424627036 1.470817305870943 0
3.349588422983194 1.462172847006956 0
3.700730237006928 1.854403893610344 0
3.349999983041287 2.299038115471132 0
0.4500000000016269 1.606217782651069 0
0.5000000000014747 1.519615242272874 0
0.4500000000023145 -0.606217782648898 0
0.5000000000022481 -0.5196152422705321 0
0.5000000000026678 -1.385640646052966 0
2.199999999900446 2.385609352896311 0
2.099999999990835 2.385637736008918 0
2.049999999978618 2.299031656956078 0
1.999999999995204 2.382736656144449 0
1.949999999995828 2.298553032572704 0
1.899999999998838 2.382173372103109 0
1.849999999999285 2.298379381168628 0
1.800000000000081 2.38205054952892 0
1.750000000000279 2.298329968839033 0
1.700000000000536 2.382021843711595 0
1.650000000000496 2.29831694914767 0
1.600000000000751 2.384917319577581 0
1.550000000000585 2.298797358510158 0
1.500000000000917 2.385479967115637 0
1.450000000000932 2.298971201327074 0
1.400000000001135 2.385602715508114 0
1.35000000000125 2.299020633195246 0
1.300000000001361 2.385631412218204 0
1.250000000001479 2.299033654624945 0
1.200000000001575 2.385638365241482 0
3.299999991496925 2.385640650967813 0
3.199999992906053 2.385640650154166 0
3.149588446328121 1.472005515294441 0
0.7500000000008169 1.433012701894568 0
0.8500000000005635 1.433012701894543 0
2.086602540378543 0.2499999999999663 0
2.173205080756943 0.1999999999999586 0
0.9000000000008734 2.212435565299251 0
2.500000000000758 1.51961527509559 0
3.399999995757872 2.385640648507841 0
2.259807621134977 0.8499999999999756 0
0.4000000000027181 -1.21243556529655 0
3.400001170345988 1.212434889603624 0
3.395887116011941 2.210061006912919 0
0.4000000000023433 -0.519615242270553 0
0.4500000000022453 -0.4330127018921615 0
0.4000000000017704 1.519615242272883 0
0.4500000000016081 1.433012701894701 0
2.433012701891706 0.5500000000002634 0
2.510230571146597 0.7052736076856451 0
0.4000000000024013 -0.6928203230272315 0
0.7500000000017839 -0.4330127018923016 0
0.8500000000016186 -0.4330127018923219 0
2.346410161513347 0.5000000000003192 0
1.999999999999662 -1.039230484590395 0
1.949999999999708 -1.125833024943883 0
1.84999999999976 -1.125833024939655 0
1.899999999999757 -1.212435565299047 0
1.799999999999839 -1.212435565300813 0
1.849999999999799 -1.299038105676343 0
1.749999999999774 -1.299038105676025 0
1.94999999999968 -1.299038105675882 0
1.89999999999972 -1.385640646053967 0
1.999999999999607 -1.385640646053858 0
3.704083127083726 -1.551496093842608 0
3.718146693975721 2.544332542870317 0
3.400411585946271 1.866263056291704 0
0.9000000000015604 -1.385640646052966 0
1.00000000000129 -1.385640646052953 0
1.050000000001143 -1.299038105674741 0
1.10000000000102 -1.382738215935896 0
1.150000000000876 -1.298554367321885 0
1.200000000000755 -1.382173854524238 0
1.250000000000615 -1.298379684027788 0
1.3000000000005 -1.38495311052366 0
1.350000000000362 -1.298813779478663 0
1.400000000000252 -1.385488669098706 0
0.8000000000008443 2.385640646055625 0
0.7000000000011342 2.385640646055752 0
2.499999999999076 -1.385640646053937 0
2.399999999999093 -1.385640646053906 0
2.5999999999991 -1.385640646053909 0
2.64999999999911 -1.299038105675436 0
2.699999999999127 -1.38564064605388 0
2.749999999999128 -1.29903810567541 0
2.799999999999145 -1.385640646053861 0
2.849999999999139 -1.299038105675406 0
2.899999999999151 -1.385640646053849 0
2.949999999999134 -1.299038105675397 0
2.899999999999123 -1.212435565296965 0
2.999999999999098 -1.212435565296963 0
3.049999999999097 -1.299038105675373 0
3.099999999999048 -1.212435565296954 0
3.049999999999061 -1.125833024918571 0
3.149999999998982 -1.125833024918554 0
3.099999999999012 -1.039230484540214 0
3.19999999999889 -1.039230484540183 0
3.149999999998915 -0.952627944161849 0
3.149999999999052 -1.299038105675346 0
3.249999999998777 -0.9526279441618418 0
3.199999999998826 -0.8660254037835275 0
3.299999999998784 -1.039230484540146 0
3.299999999998657 -0.8660254037835262 0
3.249999999998742 -0.7794228634052642 0
3.349999999998538 -0.7794228634052509 0
3.299999999998625 -0.6928203230270037 0
3.199999999998806 -0.6928203230269565 0
3.249999999998727 -0.6062177826487407 0
3.349999999998506 -0.6062177826487551 0
3.2999999999986 -0.5196152422705014 0
3.199999999998838 -0.5196152422705054 0
3.249999999998707 -0.4330127018922631 0
3.14999999999897 -0.4330127018922499 0
3.19999999999882 -0.3464101615140172 0
3.099999999998995 -0.3464101615138677 0
3.149999999998939 -0.2598076211357327 0
3.249999999998698 -0.259807621135766 0
3.199999999998806 -0.1732050807575169 0
3.299999999998573 -0.1732050807575087 0
3.249999999998684 -0.08660254037927781 0
3.349999999998472 -0.4330127018922467 0
3.349999999998448 -0.08660254037927542 0
3.299999999998563 -1.031518079608118e-12 0
3.099999999998935 -0.1732050807573736 0
3.199999999998785 -1.031579914082907e-12 0
3.249999999998674 0.08660254037722409 0
3.34999999999846 0.08660254037722717 0
3.299999999998556 0.1732050807554959 0
3.049999999998986 -0.9526279441617957 0
3.402609376541676 0.1716769101302342 0
3.350434896088997 0.259552926029576 0
3.399999999998454 -0.8660254037834912 0
3.099999999999107 -1.382738215936536 0
3.199999999999074 -1.382254477583622 0
2.410812030088813 2.391720036444315 0
2.799999731375628 2.385640801148472 0
2.589187958870442 2.391898883798936 0
3.197050175349121 1.557142622910874 0
3.399999999998331 -0.1732050807574992 0
2.750000000001133 1.086602544265665 0
2.70000000000108 1.000000003204602 0
0.4000000000029487 -1.385640646052981 0
0.4000000000017671 1.692820323029275 0
2.433012701891707 0.4500000000003598 0
0.9000000000006185 2.385640646055628 0
3.099999999998993 -0.5196152422703383 0
1.999999999995669 2.212353644995188 0
3.149999999998879 0.08660254037722276 0
1.45000000000012 -1.298975388482969 0
0.8000000000006261 1.346410161516312 0
0.9000000000002832 1.346410161516121 0
0.7000000000009244 1.346410161516354 0
1.7000000000007 2.212435565300352 0
2.747530363524495 1.267771898495954 0
1.949999999999965 1.259943332463222 0
3.249999999999015 -1.298473744263624 0
3.299999999999048 -1.384982224406751 0
3.349999999998992 -1.298834308498849 0
3.399999999999013 -1.385496942916447 0
0.8000000000018312 -1.385640646052981 0
2.899999781507378 2.385640772204971 0
2.549999981984401 2.125752412264525 0
1.600000000000167 -0.6928203233085333 0
2.4999999999991 -0.5196154290622692 0
0.9500000000003042 1.433012701894499 0
1.000000000000187 1.346410161516266 0
2.342196716099429 -0.08895892419168568 0
0.4500000000016381 1.779422863407494 0
1.500000000000008 -1.385604863695256 0
1.700000000000037 -1.212435565297047 0
2.049999999999617 -0.9526279442035526 0
1.05000000000012 1.433012701894515 0
1.099999999999855 1.346410161516302 0
1.149999999999955 1.433012701894515 0
1.199999999999369 1.346410161515909 0
1.749999999999816 -0.08660254037855097 0
1.249999999999782 1.433012701894463 0
1.299999999999377 1.346410161515688 0
1.349999999999733 1.433012701894419 0
1.399999999999728 1.346410161515637 0
1.449999999999794 1.433012701894399 0
1.499999999999846 1.346410161515595 0
1.549999999999864 1.433012701894377 0
1.599999999999899 1.346410161515865 0
2.600000000001019 1.000000003090827 0
3.449999999998955 -1.298980188956333 0
3.450000395744927 1.299037877194113 0
3.453031738914064 0.08338594352553053 0
0.350000000001887 1.7794228634075 0
0.4000000000017694 1.866025403785734 0
3.449999999998319 -0.7794228634052283 0
1.992862057653877 0.6951803993871564 0
3.351410732170673 1.780237353414793 0
3.450303719687635 1.779598220492974 0
2.15000000000023 1.091957389208881 0
3.449309963378072 1.952229569234151 0
3.454585553406724 0.2570654336307779 0
3.400836741581549 0.3459106810775581 0
3.30021193961079 0.3462844655889659 0
3.350174780197678 0.4329085058308169 0
3.450168586962074 0.4329120891414036 0
3.399999999998374 0.5196152422687851 0
3.099439770278375 1.558522264305147 0
3.149414990936833 1.645110506122399 0
3.04991736535622 1.472195470987154 0
0.3493566079250442 1.433384164483488 0
0.3512818602180155 -0.4337527842327702 0
0.4500000000028261 -1.469340756314113 0
0.5500000000025334 -1.468857017961282 0
0.3500000000031059 -1.468857017961287 0
1.850000000000481 2.472243186435437 0
3.249999999999086 -1.472243186432186 0
1.239187968664166 -1.478322576100378 0
1.050000000001163 -1.472243186431156 0
2.149999999982174 2.472237485900806 0
0.8500000000017074 -1.47224318643118 0
1.450000000000142 -1.472211893212505 0
1.549999999999934 -1.472240276377408 0
2.849999999999164 -1.472243186432312 0
2.649999999998534 -1.480295171320111 0
3.249999997401784 2.472243187937184 0
3.149999998385788 2.472243187368988 0
2.449999999999068 -1.472243186432383 0
2.349999999999079 -1.472243186432316 0
1.949999999999638 -1.472243186432122 0
2.049999999999539 -1.472243186432127 0
1.849999999999772 -1.472243186432099 0
0.8500000000007707 2.472243186433889 0
0.9500000000010633 2.472243186434279 0
1.250000000001456 2.47224126732613 0
1.450000000001045 2.47221008485353 0
1.660812031335231 2.47829574727954 0
2.845814146838958 2.46982657673207 0
2.650000000001043 0.9133974606709048 0
0.4472474849840364 0.6993316325804594 0
0.3998927679889384 1.346472071947994 0
0.8000000000017403 -0.3464101615140655 0
0.9000000000014101 -0.346410161514132 0
0.9500000000013964 -0.4330127018923369 0
1.000000000001181 -0.3464101615141285 0
1.050000000001202 -0.433012701892346 0
0.7000000000018644 -0.3464101615139539 0
1.100000000001001 -0.3464101615141066 0
1.15000000000104 -0.4330127018923531 0
1.200000000000642 -0.3464101615140937 0
1.250000000000886 -0.4330127018923682 0
1.300000000000605 -0.3464101615139964 0
1.350000000000821 -0.4330127018923691 0
1.400000000000676 -0.3464101615140056 0
1.450000000000809 -0.433012701892371 0
1.500000000000689 -0.346410161513987 0
1.150000000001717 2.29903698370041 0
1.200000000001609 2.2124346364617 0
1.400000000000783 2.212421502494475 0
0.4002136433715703 -0.3501820266832338 0
2.346410161513355 0.4000000000004148 0
2.433012701891707 0.3500000000004528 0
0.4500000000024196 -0.779422863405508 0
0.3504207333295322 -0.779665773905142 0
0.9500000000014004 -1.125833024918328 0
2.699999999999116 -1.212435565296967 0
1.200000000000732 -1.212338442847553 0
2.099999999999519 -1.385640646053766 0
2.099999999999562 -1.03923048455564 0
1.400000000000226 -1.21238772473182 0
1.649999999999939 1.433012701894438 0
1.699999999999863 1.346410161515817 0
1.550000000000808 -0.4330127018923625 0
1.600000000000823 -0.3464101615138998 0
2.519615242270062 0.5000000000003056 0
3.202881198780805 1.870958122270034 0
2.800000000001172 1.00000000030789 0
2.864285714286047 1.10261408328964 0
2.173205080756831 0.09999999999978182 0
2.25980762113523 0.1500000000000171 0
0.3015091641745168 -0.6938439926108197 0
0.3025474446120209 1.693240907813722 0
0.3000000000032296 -1.385076284641344 0
0.5000000000027003 -1.558845726809365 0
1.899999999999674 -1.558845726810377 0
3.504466080888389 1.210362820384637 0
3.499999999998967 -1.385607042744289 0
3.449999999999021 -1.472213635357643 0
3.499999999998232 -0.8660254037834499 0
0.300000000001993 1.866025403785739 0
0.3500000000018941 1.952627944164001 0
3.402755378453466 1.694411142828405 0
0.3076315342114562 -0.3505144561108139 0
0.2992315039102402 1.346853852942026 0
2.999892855937837 1.558783863819649 0
3.504975669565092 1.694311298671161 0
3.500028097825588 0.5195984734772867 0
3.450004682969551 0.6062149878486109 0
0.3446124594388899 0.2795412765442105 0
0.07954127654431152 -1.655387540560718 0
0.08436963044157764 2.64613248654031 0
0.08436963044173892 -0.1538675134599636 0
0.09056972474464309 1.159182561906162 0
0.7500000000007266 1.259807621138108 0
1.049999999999083 1.259807621137097 0
0.6500000000010235 1.259807621137836 0
1.050000000000147 -0.2598076211356202 0
1.349999999998885 1.259807621136247 0
1.150000000001676 2.472243004222661 0
1.349999999999523 -0.259807621135512 0
1.100000000001833 2.212435223497505 0
3.250064453300473 0.4329743865599616 0
1.649999999999884 1.259807621137354 0
3.200046065484363 0.3463828263031595 0
1.500000000000002 -1.212417139003703 0
3.399999999998953 -1.212391946314343 0
3.499999999998871 -1.212418642679982 0
3.449999999998751 -1.1258229346519 0
0.5500000000024419 -0.952627944161976 0
0.4000701222237378 -0.8660658888670465 0
0.300502542587717 -0.8663155468805638 0
0.3500954441370177 -0.9526830488586918 0
0.5000356072303633 -0.3470388057087026 0
0.9000000000006156 2.039230484542377 0
3.449999999998199 -0.08660254037928111 0
3.499999999998066 -0.1732050807574939 0
3.449999999998205 -0.2598076211356994 0
3.450744541871527 1.125487454817874 0
2.749302313036525 2.471840444000473 0
0.3000000000020794 1.519615242272888 0
0.7500000000019825 -1.472243186431195 0
0.8000000000018553 -1.555943296692343 0
2.949401989763786 2.479949959386855 0
2.99990029521293 2.386925129240473 0
1.200000000000986 -0.5196152422706853 0
2.350000000000549 1.433014964621691 0
2.2499999999808 2.47223702081974 0
2.195814228018335 2.55642709254538 0
1.000000000001312 -0.5196152422706011 0
0.5000000000015227 1.866025403785719 0
0.3085517809251372 -0.5258850421258531 0
2.949999999999187 -1.472243186432297 0
1.00000000000023 1.519615242272798 0
3.09999999999902 -1.029745733127641e-12 0
3.049999999998905 0.08660254037734158 0
2.99999999999872 -6.859767383756339e-13 0
3.350000780493565 0.6062173168474465 0
3.400000910576095 0.6928197795925672 0
3.500000932256514 0.6928197666536844 0
2.259807621135075 0.4500000000003826 0
3.449999999998352 0.7794228634040858 0
3.099999999998936 0.173205080755514 0
1.899999999999922 -0.173355346275082 0
2.1499999999995 -0.952627944171479 0
2.099999999999566 -0.8660254037921722 0
1.199999999999916 1.519615242272857 0
1.450000000000098 -1.125821980442033 0
1.350000000000336 -1.12582321074483 0
2.149999999999445 -1.472243186432124 0
2.199999999999372 -1.385640646053717 0
2.149999999999448 -1.299038105675361 0
2.199999999999463 -0.8660254037844344 0
2.149999999999526 -0.7794228634068572 0
2.249999999999397 -0.7794228634056394 0
2.199999999999488 -0.6928203230272556 0
2.299999999999392 -0.692820323026925 0
2.249999999999456 -0.6062177826486166 0
1.749999999999958 1.259807621137327 0
1.549999999999895 -1.125828113123444 0
1.500000000000644 -0.519615242270739 0
1.600000000000651 -0.5196152422707394 0
1.499999999999825 1.51961524227286 0
1.799999999999737 1.346410161515645 0
0.4421799751093872 -0.2522802939578099 0
0.5510086229460631 -0.2599892253056211 0
0.8500000000011723 -0.2598076211354444 0
3.033602212591834 1.120646553503612 0
2.999999999998223 1.21243556529755 0
2.550000000001008 0.9133974603116908 0
2.500000000000972 1.000000000630291 0
3.547636969030859 -0.7807871599702312 0
3.499606161503642 -0.6930477057878349 0
0.2500996644560758 -0.9526854854609539 0
0.3000325181006586 -1.03924925887283 0
3.549999999998902 1.299038105676106 0
3.499999999998826 1.385640646054681 0
2.453159709372531 0.9152217188979448 0
2.400526618229527 1.000304043317893 0
3.550032780796756 0.4329931383003219 0
3.549999999998994 -1.472240446497982 0
2.002704779328867 0.3046848152208588 0
2.087053336933407 0.3507808025369167 0
2.000259735190172 0.4004498745457681 0
3.552137528190983 1.122877028629608 0
3.500480345009422 1.038680223475286 0
3.547464189812892 -1.124364472077789 0
3.61405574346099 -1.207552848742031 0
3.649576263071438 2.715322795494206 0
3.639098953329179 -1.711776995773024 0
3.547637124407656 0.7807870672404031 0
3.614212182091467 0.6953476084746288 0
3.550776417930807 1.780161782481463 0
3.453758144480246 1.608157260507969 0
3.55000000000236 1.606217782650303 0
0.2525940082578972 -1.473082416148306 0
0.6891879686656639 -1.565103958898743 0
0.891666666667658 -1.552350667015492 0
1.799999999999836 -1.555943296693195 0
1.749999999999874 -1.471759448079139 0
1.700000000000018 -1.55537893528148 0
2.10000000000039 2.55884572681416 0
2.299287910969547 2.563839568940015 0
0.3498540453177894 1.259891888114134 0
0.4499578022187586 1.25983198403955 0
0.249847591539548 1.259895614204859 0
1.1500000000015 2.125832813148306 0
1.250000000001392 2.125832834820075 0
1.050000000001129 2.125832932658647 0
2.999999999999029 0.1732050807555931 0
3.150018419796666 0.4330017601338864 0
3.49960618739992 0.8662527710888033 0
1.000000000001061 2.385640646056105 0
2.346410161513424 0.3000000000005009 0
2.433012701891715 0.2500000000005408 0
2.519064563458338 0.3000000000004865 0
3.300000281843862 0.6928201548204624 0
3.44999999999838 -0.952627944161726 0
3.546981340512528 -0.9543707680283072 0
0.5500000000013348 1.433012701894651 0
1.59999999999985 -1.385634197317926 0
0.6500000000022261 -1.299038105674769 0
2.349999999999324 -0.6062177826484905 0
2.299999999999391 -0.5196152422701973 0
3.050000855474368 1.299037611771228 0
2.952469779053617 1.29761217807433 0
2.08668712749109 0.4501465091767177 0
2.000057387050593 0.5000993972872739 0
1.913922182720288 0.4509088470670447 0
1.915975990556715 0.5458699348634062 0
1.827312128248755 0.4994631303221445 0
2.199999999999407 -1.039230484544456 0
2.149999999999431 -1.125833024921936 0
1.550000000000332 -0.2598076211355581 0
1.65000000000076 -0.2598076211355052 0
1.700000000000823 -0.3464101615138697 0
1.750000000000569 -0.2598076211354127 0
2.952438006691073 1.464260663985859 0
3.547099364903485 -0.2614823035882897 0
3.49951656081566 -0.3466892752559976 0
0.2530186594876328 1.95437076803058 0
0.3005031099162224 2.039520955186741 0
0.4000838516541676 2.039278896316346 0
0.3500978269296823 2.125889505323753 0
0.2501001561423037 2.125890850095245 0
0.3000329971799674 2.212454616228676 0
0.4000218040194706 2.212448153854548 0
0.3500091335345468 2.299043378924979 0
0.4500051562601186 2.299041082644714 0
0.4000023816337359 2.385642021091649 0
0.3000019191960704 2.385641754103084 0
0.3500007168063075 2.472208219002506 0
0.4500005164079082 2.472237587701552 0
0.2563637594149693 2.474400294913873 0
3.546984352445085 -0.08834362530570401 0
2.09999999999947 -1.555943296693278 0
2.199999999999375 -1.558361988457686 0
2.399999999999094 -1.555943296693553 0
2.499999999999117 -1.558845726810866 0
1.500000000000045 -1.555937596147097 0
1.400000000000269 -1.555453392712173 0
0.296151631486977 -1.553047341740738 0
3.504185771974428 -1.55642368839898 0
3.400630719381704 -1.563882720636635 0
1.200000000001545 2.555942946475702 0
1.100000000001786 2.555459469604244 0
1.300000000001334 2.555459180121533 0
0.3999757052234621 2.555893228138848 0
0.4958102649640785 2.555936054001192 0
0.5493017968964045 2.471757307843555 0
0.6000000000016621 2.558845726812468 0
2.895814228023637 -1.556429070233936 0
2.999287910973181 -1.563840732267256 0
2.799999999999139 -1.558845726810794 0
0.900000000000996 2.555943296695084 0
0.7891879686647483 2.565103958900537 0
2.800000000001273 2.5588457268145 0
2.714716439724453 2.558047532300208 0
3.199999999299175 2.555943297102638 0
3.299999999451555 2.558361988779438 0
3.108333332947987 2.552350667242061 0
0.2121303779064553 1.87496057238334 0
2.267634706793624 0.05601910537302325 0
2.348200525221626 0.1002236686643863 0
1.893583707047414 0.6920970344581823 0
3.249410861047811 1.632031294848851 0
2.899967680724549 1.001492141334304 0
2.847524976978956 0.915071995179615 0
2.604048303398082 0.8291322085891715 0
2.700674717233889 0.8271844676424546 0
2.655321091799447 0.742385834464011 0
2.748529665030189 0.7420487248154755 0
2.698526798987958 0.6604769859905312 0
3.596725008058344 -0.3466663754703705 0
3.55046755525731 -0.4315751775866898 0
2.188286276658504 -0.002929244605675503 0
0.2031435703483106 -1.556315402633254 0
0.1864584995621388 -1.39041488445617 0
0.2500000000033614 -1.299038105674805 0
0.1865714311546214 2.393812418433556 0
2.899999999998094 1.21243556529754 0
3.203388272582518 1.720774521693935 0
3.097997574110425 1.71843908955218 0
3.501128277658089 1.522626337407415 0
3.598449949031005 1.530683334729792 0
3.598281148044973 1.37332244000792 0
1.849999999999719 -1.645448267188647 0
0.7596516793645854 -1.642236068981381 0
2.14999999999943 -1.645448267188969 0
2.151027978119479 2.646824959705357 0
3.250000000001954 2.645448267193162 0
2.849495026450375 -1.646234086668339 0
2.447339923417896 -1.645902961832444 0
1.450000000000161 -1.645448267187586 0
0.247249734797483 -1.647505717915158 0
0.8596516793636109 2.642236068983369 0
0.4471700993614925 2.645824569722383 0
1.250000000001404 2.645448267191604 0
3.614155764073022 -0.6953801844585522 0
3.549999999998034 -0.606217782648781 0
2.266666666664936 -1.63914986148156 0
1.966666666664852 -1.639230484540178 0
3.353857127599061 2.642904686705534 0
3.400000000002211 2.558845726814518 0
0.2069855892661197 2.209613560379322 0
0.1571859002158863 2.128109675064788 0
3.599044029652848 -1.38242345957005 0
1.829777530460792 0.3993075854503604 0
1.740775682235054 0.4497951192958211 0
1.738701115141211 0.5469757398421724 0
1.653438511760454 0.4994618098568852 0
1.651043084543961 0.598738533125865 0
1.566537617996092 0.5497000571644987 0
1.568468295250133 0.4525989691975625 0
1.480556643900585 0.5003831710610489 0
1.742216716967091 0.3494270636036996 0
1.48777224831625 0.3844328635822373 0
1.395042113476543 0.4474693391079172 0
1.395057144841204 0.5478471657858119 0
1.307289649535635 0.4997968079671632 0
1.397208581514571 0.35887627471468 0
1.562219674930316 0.6499056429534358 0
1.305511018170808 0.6137899791935366 0
1.220577136592761 0.5500000000014649 0
1.21923116878836 0.4523291656295393 0
1.133750268246835 0.5003881942727841 0
1.125068182298644 0.4120801613087109 0
1.047372055835769 0.4500000000015169 0
1.045591843974506 0.5470460395607333 0
0.9604728134806091 0.4995076732613995 0
0.9586463727114404 0.4032395052790927 0
0.8752277183187159 0.4529936732769467 0
0.8757583659831646 0.5478810809047123 0
0.7880064570582289 0.5001457923647197 0
0.7937218100612475 0.3838749704482856 0
0.7020617939423486 0.4473367938034274 0
0.7010585655982693 0.5478047570770728 0
0.6145587824271208 0.4991902584812847 0
0.7018111955330362 0.3562354817151373 0
0.6089668633206957 0.6138505535711783 0
0.527756813566485 0.5500000000016786 0
0.5262924002827846 0.452459051336457 0
0.4438126344249463 0.5004098418909804 0
0.4430570627983907 0.4038307792615752 0
0.3533930078672657 0.4511552381096801 0
2.520574378781266 0.199960862707802 0
2.601631290027584 0.2450365653643523 0
3.599999999998225 0.5196152422687668 0
3.597952034972556 0.8663236327818096 0
3.598872153416238 1.037771492926309 0
3.598156329524389 -1.555356539430351 0
3.551136489494557 -1.646980645223497 0
0.4445509301518669 0.5958853293982826 0
0.2000760496458545 -0.8634360992528589 0
0.1506850255909222 -0.9508594050095913 0
0.1607131055968946 -0.7755456302257804 0
0.1966857551114116 1.347607104021113 0
0.1488241119299195 1.256495026831725 0
0.1483153609484511 1.440997798163006 0
0.1990242064638376 1.16985869135097 0
2.346980338068889 0.9051827053841398 0
2.299584492716773 1.001950755225318 0
3.353457033806383 1.619072677000309 0
2.94721512528669 0.9261891753532234 0
2.850000016972857 1.285805593311525 0
2.897438633536384 1.540682582853568 0
2.94615426806613 1.6336219054435 0
2.950000000001316 1.086602540378745 0
3.649860021468694 0.4372693860033843 0
3.601282650660677 0.3465354615192737 0
3.656262201779646 0.2549443474161872 0
3.558393506726432 0.2549465789208804 0
3.608990964877753 0.166488346433022 0
3.643591783612804 0.07601972052710435 0
3.504589323026075 0.1685938943807338 0
0.2489436189825153 1.435414113912755 0
0.2013768026905962 1.526759782442929 0
0.1619012411102602 1.618779493864312 0
0.3999686412569606 1.173223185738832 0
0.4999877405799417 1.173212158739769 0
0.7000000000006943 1.173205080759298 0
0.8000000000003666 1.173205080759164 0
1.200000000001437 2.039230467108376 0
0.4499927303058346 1.086606737539979 0
0.750000000000042 1.086602540380524 0
1.050000000001568 2.471678779864581 0
1.000000000001298 2.554801114379379 0
1.050000000001896 2.645448267191577 0
1.000000000001154 2.212435492955343 0
3.050006213612383 0.2598047610430967 0
1.69999999999971 1.173205080758371 0
1.800000000000002 1.173205080758614 0
1.599999999999675 1.17320508075853 0
3.200023905722767 0.5196012099415165 0
2.949981300301345 0.2598500729945802 0
1.600000000000579 -0.1732050807569361 0
1.649999999999925 -1.471583204986614 0
1.951802005218173 2.712285315461307 0
1.99571219943163 2.626778741251313 0
1.899585700771811 2.629509295668682 0
1.934640728516211 2.545410170689381 0
1.599999999999923 -1.554770327744426 0
1.650000000000112 -1.64544826718853 0
0.4000213270413516 -1.039242797711733 0
1.300000000000765 2.039230449954273 0
1.599999999999836 -1.212431675615291 0
1.649999999999867 -1.125831558005721 0
1.749999999999863 -1.125832780437231 0
1.699999999999861 -1.039230199307843 0
3.549999999998414 0.9526279441611428 0
3.449999999998191 0.9526279441620918 0
3.648241156291113 0.9514532963061969 0
0.2801024729092972 0.6540471562014476 0
3.100100939346934 0.5195571980063731 0
0.0764175194853233 1.846246764995941 0
3.3499999999988 -1.125824073376957 0
1.850084287288827 2.713494776935987 0
1.79994499800692 2.630165964984226 0
1.704271536222877 2.632730655477375 0
1.752967404145464 2.540159262046267 0
0.3500089741921495 -1.12583820616905 0
0.2489198025736398 -1.123929275069391 0
2.4330127018917 0.1500000000006354 0
2.447270866245607 0.04195943495596886 0
2.173280213516047 0.3001301337563673 0
2.091348982965601 0.05337930602508054 0
3.351277459723914 -1.714977994355837 0
1.124995808288754 0.5879451043152152 0
1.149999999997823 -0.08660254037842759 0
1.199999999998591 -0.1732050807570311 0
1.299999999998455 -0.1732050807570234 0
1.349999999998204 -0.08660254037856496 0
1.049999999997626 -0.08660254037822762 0
0.9999999999989613 -0.1732050807565643 0
1.449999999998558 -0.08660254037845234 0
1.499999999999506 -0.1732050807569432 0
1.149999999997826 1.086602540378627 0
1.199999999998045 1.173205080757616 0
1.299999999998211 1.173205080757444 0
1.099999999998262 1.173205080757974 0
1.249999999998804 1.25980762113689 0
1.399999999998644 1.173205080757651 0
1.449999999999499 1.25980762113669 0
1.049999999997759 1.086602540378804 0
0.9999999999986617 1.173205080757554 0
0.9499999999996229 1.25980762113685 0
1.349999999998201 1.086602540378781 0
2.450087769705652 1.086653455332742 0
1.449999999998792 1.086602540378768 0
3.713397459621445 0.6499999999945631 0
3.711932433670798 0.7489278188673997 0
3.250212909952511 -1.713660882077157 0
3.200035484990512 -1.629741253102776 0
3.089091310943426 -1.621256531325498 0
3.159646477599282 -1.543469521621646 0
3.311038743699508 -1.624060728148129 0
0.08660254037863484 -0.450000000001098 0
0.167350220468787 -0.3979088659901067 0
0.1667271537273045 -0.2996514776657015 0
0.1670874552141787 -0.4968186631138312 0
0.1687338310203451 -0.6083145980585596 0
0.07741119679822345 -0.6516594627337036 0
0.08515073421750433 -0.2505864985214288 0
0.1715113069026088 -0.2006842482749207 0
0.2612689566769276 -0.2617927016950984 0
0.2585792176583077 -0.1530530916920477 0
0.3493120346432277 -0.1972867674720631 0
0.4366676086605987 -0.1461512790427687 0
0.1625236051085373 -0.09254246175611051 0
2.849999999997524 2.716299889739061 0
2.889269338305192 2.623071463184169 0
2.992770159320592 2.630645451694916 0
0.4500222492162166 -0.9526407897514517 0
1.153779950209637 0.721497675676847 0
1.153236310371729 0.2780087680935914 0
0.08660254037867046 2.349999999999325 0
0.6001740383639911 -0.3465452029080015 0
0.6501971102194801 -0.2598603953963344 0
0.6000000000019857 -0.173205080757237 0
0.6500290063956105 -0.4330352087912522 0
0.7500328517045523 -0.2598164168458073 0
0.8000054752838232 -0.1732065467083036 0
0.5000153952415805 -0.8660342922292036 0
0.6000025658754431 -0.8660268851912978 0
0.08660254037854545 2.549999999999675 0
0.1653607988659653 2.598401699620333 0
0.161820447314182 2.707763115327896 0
0.2576550677805973 2.640362912478271 0
3.698883129694214 -0.3470214556721041 0
0.6000000000011713 1.346410161516377 0
1.699999999999714 -1.385542842606809 0
3.399919426801264 -0.3464566804709698 0
1.849999999999756 1.086602540379227 0
3.71381654427865 1.151635969519125 0
3.619003150761267 1.205078618428009 0
3.715774097013981 -0.5505266182314326 0
3.618720418668198 -0.508168651668796 0
2.054280703219461 2.466383857743093 0
3.711955930733165 -0.1425836762512097 0
2.649999999997231 -1.711173171300582 0
2.696735619260837 -1.62819758870699 0
2.604181516274132 -1.628925640952356 0
2.093301270189234 0.9461324865404801 0
0.4481979947766356 -1.715187745578221 0
0.4094984476268948 -1.629877289470398 0
0.1008561348434838 -1.553213660575546 0
2.449999999996685 2.71388119797433 0
2.499999999996838 2.626875542301637 0
2.59571929677238 2.632182251696019 0
2.547585678623936 2.541716289796365 0
2.452890286599777 2.541422813870327 0
2.500067993454559 2.453117335449159 0
2.389499139743454 2.621506492661585 0
3.713397459621569 2.149999999998388 0
3.632229278829259 2.099999999998362 0
3.627700645840694 2.199999999998596 0
3.636627654541657 2.004532201448382 0
3.542606231519639 2.137607382222683 0
3.543383699823085 2.246960178035101 0
2.23941619232086 2.709870673921497 0
1.302842627784172 0.3841930436737578 0
0.4463179150320675 0.3007354430619266 0
3.703258222021014 1.360925138997863 0
1.799999999999775 -1.38554372242073 0
3.54812737195538 2.712606204773249 0
3.601463466102452 2.635151925932894 0
3.502272252673292 2.627313748255506 0
3.549999999999327 2.540192378863944 0
1.849999999999766 1.606217880441194 0
1.799999999999613 1.519615304732508 0
1.749999999999633 1.606217809359139 0
3.713397459621707 -1.250000000000955 0
1.79999999999975 1.692820354652237 0
3.046393441539984 -1.714687143596785 0
3.449934360249186 -0.6062556797755743 0
3.503187055694881 -0.5174742059737433 0
1.749999999999786 1.952627944648812 0
1.799999999999764 2.039230484656223 0
1.899999999999768 2.039230484594375 0
1.699999999999772 2.039230484642387 0
1.849999999999805 2.12583302494889 0
1.949999999999068 2.125819371550351 0
1.999999999999674 2.039228208989568 0
2.049999999999072 2.12581671671659 0
2.099999999999683 2.039227387249839 0
2.149999999958409 2.125819337830628 0
2.199999999993071 2.039227687145619 0
2.149999999999577 1.95262768842497 0
2.24999999999878 1.95262743530827 0
2.199999999999757 1.866025276353269 0
2.299999999999845 1.86602529773778 0
2.349999999999835 1.952627841680378 0
2.400000000000111 1.866025369030579 0
2.35000000000018 1.77942283994013 0
2.450000000000141 1.952627921291265 0
2.500000000000297 1.866025394181234 0
2.550000000000315 1.952627938751552 0
2.599983857658187 1.866034721078497 0
2.649981167267798 1.952638815939964 0
2.749866464462682 1.952705040752947 0
2.699974605289017 2.03924514593708 0
2.499999996997645 2.039217044385821 0
2.549985876107965 1.779431016127335 0
1.899999999999176 2.212360287647682 0
1.649999999999793 1.952627944410287 0
1.599999999999802 2.039230484606729 0
1.499999999999984 2.039230484559843 0
1.549999999999943 2.125833024934778 0
1.450000000000429 2.125830681125883 0
1.649999999999886 2.125833024942318 0
1.600000000000346 2.212275248022661 0
1.749999999999936 2.125833024952619 0
1.45000000000008 1.952627944184162 0
1.400000000000677 -0.5196152422707166 0
0.4998849752001702 2.385559458502543 0
3.647980973902842 -1.462821419235256 0
2.799999999999115 -1.212435565296949 0
2.849999999999143 -1.125833024918544 0
2.749999999999108 -1.125833024918523 0
2.799999999999153 -1.03923048454013 0
2.649999999999078 -1.12583302491852 0
2.899999999999114 -1.03923048454015 0
2.849999999999127 -0.9526279441617542 0
2.749999999999143 -0.9526279441770811 0
2.799999999999081 -0.8660254037859183 0
2.899999999999056 -0.8660254037838055 0
2.849999999998988 -0.7794228644913834 0
2.94999999999898 -0.7794228635861673 0
2.899999999999011 -0.6928203243238384 0
2.999999999998915 -0.6928203232731187 0
2.949999999998997 -0.6062177829056435 0
3.049999999998909 -0.7794228634763383 0
2.849999999998986 -0.606217791872422 0
2.899999999998945 -0.5196152474110236 0
2.849999999998961 -0.4330127063093115 0
2.949999999998842 -0.433012702306382 0
2.899999999998813 -0.346410162318797 0
2.999999999998982 -0.3464101617170008 0
2.949999999998804 -0.259807621303393 0
2.849999999998844 -0.2598076212974783 0
2.899999999998624 -0.1732050808119971 0
2.999999999998885 -0.1732050807943981 0
2.999999999998999 -0.5196152432390148 0
2.800015341414075 -0.1732139526806902 0
3.099999999998908 -0.6928203230798259 0
2.699999999998982 -0.8660254040622579 0
2.850017898316481 -0.08661289092930248 0
2.700094309394171 -0.1732601165253265 0
2.949999999999112 -1.125833024918569 0
0.5999979567637983 1.173206260422913 0
2.2000000000003 1.174273588341486 0
2.249930748786493 1.087998225651948 0
2.18800308463573 0.9982637825374343 0
3.703263091156495 1.540548123959072 0
1.551802005223257 2.473099095408894 0
1.496114562228823 2.556566204801812 0
1.589202165033205 2.557067832064716 0
1.399352427039107 2.554993434981814 0
1.445879764868835 2.64604751762997 0
3.714038708209588 -0.7467997909801418 0
1.650000000000743 -0.4330127018922957 0
3.199999999998979 -1.212341505061636 0
0.08668075678655335 -1.349344594899021 0
0.2015203272371515 -1.03775654025827 0
2.796985256731626 0.8288741695121464 0
2.847361643835885 0.7528373533714166 0
0.7000000000021054 -1.385640646052983 0
2.699999999999081 -1.03923048455802 0
2.299988458131554 1.17362243245913 0
0.9000000000005557 1.692820323029242 0
0.5489862152576979 -1.717493919944265 0
0.5978243055673167 -1.626790487865842 0
1.050697628660132 -1.713800235717948 0
1.100116271441152 -1.629764478709994 0
1.199999999997121 -1.626794919243587 0
1.146287757218696 -1.539502097594357 0
1.009166612011916 -1.633771072707887 0
0.7918372314570614 0.6133747897379203 0
1.349944934273199 2.471620650414633 0
1.649999999999318 1.086602540379148 0
3.299999999998934 -1.212283100405647 0
2.749999999998975 -0.4330128414394951 0
1.399999999999806 1.519615242272808 0
0.8500000000016433 -0.6062177826488688 0
1.300000000000794 -0.5196152422707021 0
1.250000000000798 -0.6062177826489659 0
1.348197994777636 -1.472545894742799 0
1.304355608599854 -1.556178728917405 0
0.848872661549058 -1.709765679350594 0
2.506034087583718 0.8150874565621654 0
2.518972783656381 0.4000000000004005 0
2.603161767418174 0.4535215904105257 0
2.600477356225822 0.5491314247863529 0
2.691001527054041 0.5056266659510649 0
2.94999999999906 -0.9526279441618455 0
0.5542680383263809 0.7100662716130532 0
0.2504676210751554 1.085867111121763 0
3.71905644347073 -0.9426281861181192 0
0.7499999999985645 0.7133974596218446 0
2.149999999999606 -0.433017422757342 0
3.612279873880369 -0.1814061988875288 0
1.652329939282674 0.2960117268226841 0
3.713397459621297 1.749999999997632 0
3.618846701385356 1.696765255774432 0
3.249999999998895 -1.125790445473854 0
1.450000000000256 -0.9526279442067646 0
3.299986571132404 -0.3464179146734958 0
3.550407621566471 -1.29783036378226 0
3.499070373697355 -0.00279104346122203 0
0.958614902551943 0.5957509058866912 0
3.715457435913879 2.449055423811216 0
3.61493018053423 2.395367690330195 0
2.649891541558525 1.779485481944643 0
2.499986212516275 1.692828283254105 0
3.499074255053206 -1.039274514666611 0
3.593209973158127 -1.040627800783597 0
2.599999999999104 -1.212435565297051 0
2.54999999999905 -1.125833024922144 0
0.9547288547782127 0.3005847804381036 0
1.949999999999853 1.433014114688059 0
1.00000000000034 1.692820323029255 0
0.6498836328172032 2.469259776551703 0
2.499999999999077 -0.6928203252743318 0
1.349999999998335 0.7133974596213272 0
0.4500050502073096 -1.125835940655406 0
0.6500000000010709 1.433012701894595 0
0.3500000000029643 -1.29894404543949 0
2.100000000000103 1.692820405031166 0
2.2000000000002 1.692820385895195 0
2.250000000000349 1.606217842327313 0
2.200000000000301 1.519616081310597 0
2.300000000000458 1.519615769179103 0
2.350000000000452 1.606217880414329 0
2.500014628284984 1.173214165531332 0
0.9542635172424592 0.6989841448186391 0
1.2500000000007 -0.9526279441649539 0
1.200000000000762 -1.039230484540726 0
1.100000000001021 -1.039230484540305 0
0.9000000000015277 -0.6928203230271693 0
2.999999999998978 -0.8660254038255599 0
3.099999999998929 -0.8660254038023899 0
0.8500000000007457 2.125833024920731 0
0.9500000000008259 2.125832997486453 0
1.00000000000065 2.039230464593059 0
1.100000000000873 2.039230427639422 0
1.250000000000462 1.952627935494898 0
0.2564472941342527 1.783292128510613 0
1.299999999999936 1.692820323030235 0
0.3513340593007978 1.605762788591714 0
1.050000000001167 -0.9526279441621203 0
0.6500000000011722 2.299038105677497 0
3.40052023598964 -0.5192647190754929 0
2.249999999634248 2.125757916375417 0
0.6500000000011015 1.779422863407498 0
0.7000000000009874 1.866025403785774 0
1.999999999999946 1.346440114870694 0
0.7500000000019545 -1.299038105674767 0
1.649058149088408 0.7038584663062594 0
2.399999999999144 -0.8660254039369715 0
3.34955954616093 2.12557876902078 0
3.399288504293843 2.038819768848123 0
3.49271888573329 2.042112985221239 0
2.800078407419289 -1.953038082739879e-05 0
2.899999999998531 -4.145850329706491e-13 0
1.599999999999894 1.519615242272935 0
2.996504798709743 1.86858405027272 0
3.502549970022368 0.3450605637650359 0
2.049999999999703 -0.6062179422239471 0
0.9500000000014023 -0.9526279441619601 0
0.608192198738026 0.3843490432156483 0
2.99999605866168 2.212437840834226 0
3.149999970353669 2.299038122796161 0
1.75000000000005 -0.6062178597713014 0
2.050000000000016 1.779422872708067 0
0.9500000000005555 1.952627940839204 0
1.05000000000049 1.95262793080126 0
3.400350352100848 -0.001001273386342067 0
1.65561723888278 0.4022877728230558 0
0.9444253391367408 -1.468744019888579 0
2.653148583147588 2.472085763379585 0
1.245814228021892 -1.71581411619839 0
1.499999999999773 1.692820323042723 0
3.044609254576554 2.716455871606708 0
2.700000000001098 1.346410161514421 0
2.747050156432405 1.435805543650611 0
2.849007592350741 1.450102790655949 0
3.450601805759537 -0.43241212670919 0
3.399923420291136 -0.6928645363416078 0
0.08618345572146557 -1.151635969523634 0
0.1815604626731903 -1.205397495099539 0
2.649286549459667 2.71719777848125 0
2.346708555464846 0.2000372781111042 0
0.6500000000022639 -1.472243186431214 0
1.000000000001271 -1.212435565296537 0
1.479191971077749 0.5993253769894751 0
2.399999999999258 -0.3464323406368508 0
2.34999999999933 -0.4330236461168268 0
3.587475783598485 -0.8751879551422427 0
0.9500000000014152 -0.6062177826488719 0
1.100000000001148 -0.5196152422706422 0
2.445905980254422 -0.06917314995532468 0
1.949999999999748 -0.7794228703996124 0
0.6000000000012086 1.519615242272851 0
2.698606328504823 2.386590409831411 0
3.049391794219543 1.953069207118495 0
3.097326662143109 1.872042560769612 0
1.200000000000035 1.692820323029722 0
0.6500000000010974 1.952627944164026 0
0.4500123592460565 2.125840160533667 0
2.749993562584426 2.125836741524544 0
3.460121886527252 2.293563828683823 0
3.506584661522873 2.388282186067133 0
0.7000000000020761 -1.212435565296558 0
3.35014012719077 1.125766171100089 0
2.245174100239737 -0.09211356360852736 0
2.949981868861589 2.299253060130193 0
0.600000000002383 -1.385076284641329 0
3.048816576554628 1.63779380512624 0
1.999999999999633 -1.212435565301667 0
3.710217535594787 -1.153370835218814 0
1.500000000000304 -0.6928203230564581 0
2.516543713867531 0.6007341720788109 0
0.9000000000015201 -0.5196152422705986 0
0.8500000000006134 1.606217782651005 0
2.801969349130618 1.188072462233299 0
2.199999999999545 -0.346473688709356 0
1.100000000001607 2.385545980793957 0
3.099983376143613 2.385854730279101 0
0.6487235233899911 2.71498337688767 0
0.6969348811566686 2.626605731127579 0
3.09999808124607 2.212436673094479 0
3.055455604051089 2.470278243478728 0
3.250058765651982 0.7793889360874257 0
1.826026890631037 0.6228621735558241 0
1.29999999999985 1.519615242272829 0
3.149965351254987 1.953596928152376 0
0.9000000000015173 -1.039230484540113 0
2.999999999999058 -1.039230484540191 0
0.4999750950355075 1.346424540405264 0
3.150001711914594 1.299037117309903 0
3.349984332987912 -0.2598166664884898 0
3.095030145425056 1.030939657238245 0
3.349999999998592 -0.9526279441617911 0
0.3518133861519635 -0.607390998440035 0
2.049999999999581 -1.125833024935097 0
1.85000000000007 -0.4330149860912152 0
1.949999999999809 1.952627565572123 0
3.149999999998916 -0.08660254037925653 0
3.250115483530052 0.2597396667610693 0
1.700000000000053 -0.692820343652941 0
3.549999999998277 0.6062177826471813 0
1.100000000000998 -1.212338755162902 0
2.749791100538235 0.9135772171354198 0
2.4500000000007 1.433013729293231 0
1.300000000000477 -1.21226264445817 0
2.450000000000309 1.779422863407414 0
1.300000000001207 2.212429381086485 0
2.796736602174319 0.5094045649529981 0
1.100000000000073 1.51961524227283 0
3.200078286710996 0.6927751325688218 0
1.999999999999679 -0.8660254051221963 0
2.0027777777771 -1.554423261232262 0
3.045600615269697 -1.467218053712198 0
2.250000000000386 1.433020977826893 0
1.000000000001273 -1.039230484540193 0
2.259807621135033 0.550000000000298 0
1.549999999999886 -1.299016894964981 0
2.754185771974296 -1.471168527336941 0
2.09999999992694 2.212399421357025 0
1.150000000001039 -0.6062177826489319 0
0.2998603509422469 1.172556505151639 0
2.999266769210895 -1.384319385580942 0
2.049999999999563 -1.299038105676265 0
2.34999999999911 -1.299038105675486 0
3.399951206681534 1.382088630035438 0
2.549999999999015 -0.6062178112005751 0
2.55001706633244 1.086612557518979 0
2.30180200460634 2.386507716136216 0
2.545814228023403 -1.47116852733679 0
3.049976608413258 2.299324259395772 0
3.099918105403314 1.385592810200288 0
2.343919325106113 0.798925632105651 0
0.6500004276476983 -0.9526281910632056 0
2.650015718231499 -0.2598183465263838 0
0.6000048344009925 -0.5196189934203692 0
2.750020894839447 -0.2598201120688005 0
2.40000000000058 1.519615900209027 0
0.5500000000013728 1.77942286340749 0
0.9000000000004613 1.519615242272767 0
2.249999999999477 -0.4330273064767231 0
1.050000000001133 -1.125816889896105 0
3.499374992356014 1.865713005381184 0
3.595774442381314 1.86084675549468 0
3.399845709174419 -1.039234649259855 0
3.003260321805561 1.382630718227967 0
3.149999999998853 -0.7794228634290503 0
2.449999999999173 -0.4330190619791623 0
1.000000000001292 -0.6928203230271855 0
2.39999999999925 -0.5196173245444679 0
2.350019681261787 1.087289239753442 0
1.949999999999939 -0.2600175566100736 0
0.6500004276476308 -0.7794231103067171 0
0.700000570196052 -0.8660257329853773 0
0.4500139752770272 1.952636012792964 0
0.2507091856739511 2.300094288011472 0
3.300043986618522 0.5195890740159717 0
3.715541712795859 1.956021550624951 0
1.799999999999839 -1.039230396342853 0
3.349999997352108 2.472162564907124 0
3.200019247253987 0.1731937550267121 0
2.049999999999639 -0.7794228657031221 0
1.699999999999722 1.692820333167548 0
2.799933219227262 2.039269040364898 0
1.050000000001214 -0.6062177826489373 0
2.049999999999789 1.952627229175156 0
0.5499864324333668 1.259815454376951 0
3.3542908918715 -1.470527416183297 0
2.199999999999529 -0.5196185892429742 0
0.5500030647952491 -0.7794246328645198 0
2.149999999999572 -0.6062184931376913 0
2.099999999999608 -0.6928204693282993 0
2.09999999999948 -1.212435565301229 0
1.200000000000871 -0.6928203230281481 0
3.250009015453819 0.60621253475063 0
2.345464517338615 2.471443280367362 0
3.149999999998853 -0.6062177826574844 0
3.463176414232848 2.477773142522782 0
2.549986268584525 1.606225723824251 0
2.099999999999852 1.866025222520555 0
2.599999999999048 -1.039230484569077 0
1.150000000000845 -1.125823911198204 0
2.150000000000025 1.779422845011082 0
2.949956078984507 0.08665369011155202 0
0.2025349373981202 2.043405920959871 0
3.049999999998943 -0.6062177829042376 0
0.9500000000003875 1.606217782651002 0
2.173205080756595 0.8999999999998312 0
2.449999999999171 -0.6062181659594827 0
3.150031168313094 0.2597893752336103 0
0.6000000000012423 1.866025403785726 0
2.299999999791203 2.039192877640208 0
1.849999999999836 -0.0866275846315205 0
1.648923479084943 2.716599497622605 0
2.300000000000302 1.692820339766915 0
2.250000000000079 1.779422846762826 0
2.399997702086347 1.692821664905519 0
2.085412883320707 0.6491967332313072 0
0.2967482065746705 -1.210930448791471 0
3.100023191480831 0.3463974042620203 0
3.713548414054409 2.24999999999879 0
1.250000000000598 -1.125784863054934 0
3.350032739498584 0.7794039577515814 0
0.5500405810659084 -0.4331443591651699 0
2.950002983051752 -0.08660426548600741 0
2.249999999999339 -0.9526279441669199 0
1.749999999999898 -0.9526278825040577 0
2.749999999998951 -0.7794228670911014 0
2.299999999999244 -1.039230484547543 0
2.259820143261704 0.3500216889597596 0
2.899638195099965 0.1736298788929186 0
2.399999999318442 2.039197435118017 0
2.449995030531489 1.60622078795047 0
1.050000000000176 1.606217782650998 0
0.5500023292139207 1.952629288935466 0
3.627680306974074 2.294989012360964 0
1.549999999999799 1.259807621136923 0
2.249999999999275 -1.125833024921692 0
3.050000497174371 -0.08660282790312523 0
0.9500000000010762 2.299038093620362 0
2.399999999999228 -0.6928203873543606 0
1.300000000000639 -0.6928203230295604 0
1.050000000001408 2.299022070103947 0
3.049999999999194 -0.2598076211533796 0
2.249999999999266 -1.299038105675493 0
2.349999999999248 -0.7794228742198774 0
2.800003482472335 -0.3464123195505578 0
3.399962567636026 0.8660470148984687 0
1.649999999999966 -0.9526278866778389 0
1.300000000000511 -1.039220821869093 0
2.449999992416651 2.125596962732045 0
2.299999999999294 -0.8660254056152026 0
1.649999999999849 -1.299016546913013 0
0.7500000000011366 2.472243186433992 0
2.199999999999348 -1.212435565298889 0
1.14999999999997 1.606217782650953 0
1.40000000000025 -1.039226851055739 0
3.400236993718638 1.039064557254552 0
1.849999999999904 1.25983023969129 0
2.299999999999209 -1.385640646053797 0
2.600000000000337 2.039230484542947 0
3.049999999998963 -0.4330127021564756 0
2.173219178608886 0.5000244181963724 0
2.249999999999283 -1.472162563373388 0
1.249999999999928 1.606217782651264 0
0.5998450674862545 2.385048900051467 0
1.35000000000062 -0.6062177826518793 0
3.350099652971629 0.9525655600890641 0
1.500000000000063 -1.039227219604897 0
0.8500000000001482 1.259807621137109 0
0.5000187525656292 2.039241311340211 0
2.302777777776795 -1.554315763820695 0
1.599999999999957 -1.039228820163494 0
2.086602540378486 0.5500000000002523 0
3.050076053112412 0.4329709635240231 0
1.349999999999852 1.606217782652086 0
1.450000000000487 -0.6062177826568578 0
0.5500037037881028 2.125835163302914 0
0.5499558664917387 2.298926446245765 0
2.649994594972493 2.125822708291227 0
2.173311270157701 0.4001839254377527 0
1.449999999999801 1.606217782654311 0
0.4999998149677854 2.212421095313451 0
2.001532899007172 0.5940929715990333 0
1.55000000000039 -0.6062177827020699 0
1.650000000000273 -0.6062177989960187 0
2.259871962608031 0.2500315168046179 0
1.499999999999428 1.173205080757767 0
1.54999999999979 1.606217782668915 0
1.800000000000188 2.212435565300591 0
1.899999999999929 1.17335551962345 0
1.700000000000353 -0.5196152959564084 0
1.800000000000216 -0.1732342990521476 0
1.7500000000004 -0.433013129647251 0
1.649999999999682 1.606217788810134 0
0.8500009125459177 -0.08660278470328779 0
0.6475857241341043 -0.08769970648291581 0
0.6996368602237708 -0.1733984477614812 0
1.800000000000379 -0.3464116735196697 0
1.850000000000173 -0.2598738363646236 0
1.500000000000503 2.212354836069171 0
1.700000000000281 -0.1732099504728067 0
1.649999999999673 -0.08660335199780407 0
1.350000000000875 2.125829222337371 0
1.099999999998925 -0.1732050807569925 0
0.9500000000003983 -0.2598076211351668 0
1.699999999999688 1.51961525816053 0
1.400000000000483 2.039229748718086 0
1.149999999999818 -0.2598076211355904 0
1.749999999999766 1.433012714952133 0
1.849999999999721 1.433012996107836 0
1.449999999999822 -0.2598076211353851 0
1.899999999999854 1.346441826556124 0
1.399999999999011 -0.1732050807569802 0
1.249999999999605 -0.2598076211355861 0
1.149999999998903 1.259807621136965 0
0.8999999999992645 1.173205080756097 0
0.5499964046078087 1.086604616180488 0
0.8499999999989339 1.086602540378557 0
0.9000010646380248 -0.1732053658027982 0
0.3065032315070256 2.55252141578379 0
0.09365348241241028 2.047624115627602 0
0.2539764774919135 -0.7800461900273558 0
2.60288628493707 0.6554576629095357 0
2.615538163040349 0.3488411706412894 0
3.446861811635666 2.12402119102347 0
3.555585628625278 1.957518246496299 0
0.3474080464005154 0.7179026038517009 0
0.1535299814547433 1.082537097919308 0
1.916228675972849 0.3549038105678187 0
2.149999999999615 -0.0922649730810539 0
3.705832832572743 2.641785893047317 0
3.716427535418347 -1.648362614753688 0
0.2547718917904663 1.608334994796095 0
3.590648664240915 -0.004109785379481385 0
2.362618687917338 0.006976017148615801 0
0.2864005796181515 0.3601916619342664 0
0.156881237778336 -1.715501542331126 0
2.755726656432218 0.4297064152578079 0
3.634119543397467 2.492519776717985 0
1.448249656325348 0.2845662306357429 0
3.549987141394827 0.08126451267094786 0
0.2513958511839232 -0.4429185326182777 0
0.1630087787871807 2.499999999999632 0
0.6474957721061483 0.2832247864692212 0
0.07615453134586127 1.649999999998488 0
0.7539811680607393 0.2831517351492676 0
0.2125922984956891 1.697596641383516 0
0.2140110669720143 -0.6953523200288774 0
3.641501244065138 -0.6014704624308231 0
2.601109054736467 0.1603981187964902 0
3.638525420550017 0.600378505813226 0
1.399354125282728 0.6375169611504028 0
3.638197563389073 1.602470867052142 0
0.1578420839792348 -1.298839016026113 0
0.1560824141237122 2.282843748845019 0
3.638259461717801 -1.300234595347875 0
3.639345956288152 1.299999999996196 0
0.7001294063218398 0.6395790503970487 0
0.2626154028748714 -0.6127228113362903 0
1.346579300375701 0.2841042464851777 0
3.642196173751612 -0.07634138868331417 0
0.07469130741853333 -0.7486983291991591 0
3.727665339554167 0.04969247837266594 0
0.5134473568481143 -0.1831162940938045 0
0.1599566096121247 1.79060852827465 0
3.635276171795491 0.7898847109219492 0
3.641115161841789 -0.8075359796809345 0
1.191854570053952 0.3584478573853976 0
3.635821814198231 1.787608642798248 0
1.198644540554175 0.6395437821753808 0
2.747342390967963 0.5871893285532854 0
3.559363331377511 2.456197076804345 0
3.262043831359501 1.788497126935654 0
3.306908199366069 1.704562507628756 0
3.301975789444974 1.54490117693565 0
3.401651278061937 1.534901313205888 0
2.800741283588835 0.6701722549963709 0
2.900820800692136 0.6795736372532239 0
2.901229596966245 0.8407973498222381 0
3.001445112627739 0.8520713470650949 0
2.996071846150305 1.017510931446849 0
3.047723305207467 1.792704201813134 0
2.885182181144764 1.70137539473454 0
2.845335578099478 1.617462578761542 0
2.801400991356062 1.360496926996233 0
2.901429451371651 1.373484811875311 0
0.3517700269398667 2.623291425042194 0
1.355848195348651 -1.622354541428425 0
1.449999999997121 -1.734448637286253 0
1.054350858402147 -1.562120077418068 0
1.14709514517716 -1.450995986117205 0
0.8450611278870629 -1.62031811414901 0
0.7456608004322755 -1.726409985628003 0
0.5974024548480955 -1.538368075593289 0
0.500901392646249 -1.649639033933618 0
0.3957462256927056 -1.545196982591748 0
0.2486637882478433 -1.733946370980906 0
1.549999999999256 -1.623000383577894 0
1.649999999996632 -1.734448637286434 0
1.749999999999035 -1.623123245194733 0
1.849999999996187 -1.73793155342705 0
1.936111111107795 -1.722667960796204 0
2.05388888888727 -1.621688553855208 0
3.550193220902854 -1.733603402336733 0
2.149999999996528 -1.73793155342706 0
3.399827459477991 -1.647364020206993 0
2.236111111108269 -1.722654523619827 0
2.849915279216718 -1.732443610402907 0
3.145721748876662 -1.458653238671362 0
3.249167067627903 -1.562772095330972 0
2.999846767128993 -1.646915872214006 0
0.2652792255727693 0.4522693800083853 0
2.649999999997082 -1.557606959568094 0
2.447305578413856 -1.733205003222527 0
0.3768850208004504 0.5469585359137565 0
2.352397766836168 -1.62353953091728 0
0.8457292733697728 2.726630574809835 0
0.951930335873112 2.62236524137424 0
0.6972012965282839 2.538411675965256 0
0.6019626222004704 2.648128506648979 0
0.4475639052262375 2.73350990632191 0
1.349046438381473 2.623069171909354 0
1.249999999997873 2.734448637287049 0
1.150000000000781 2.623139282016984 0
1.049999999998393 2.734448637287032 0
1.447029820632418 2.733740869588019 0
1.609790012634425 2.636634482533487 0
1.752755887096359 2.450954117800352 0
1.847427766288177 2.563497575964798 0
1.955493677812958 2.460270148637918 0
2.15025124035283 2.732684045657446 0
2.300441230166955 2.647269136127095 0
2.79416823238557 2.641088421955216 0
2.949999999997753 2.557606959570055 0
2.693895093450037 2.640100453535454 0
2.500013590594589 2.365688652480317 0
3.154745528628274 2.623500274690923 0
3.249999999999064 2.737931553428368 0
3.332174182710182 2.722168183664526 0
3.63336922734248 -1.115090977163981 0
0.8852198798944353 0.3655501963258055 0
0.885111993911406 0.6332508528739451 0
0.1662821667316921 -1.482851834736538 0
0.5163245230472169 0.3658236028001181 0
0.516558026069893 0.6338267574329305 0
0.0705564276497464 2.150836284226811 0
3.731684135523992 -1.450000000000608 0
0.1630884723002403 -1.113484519070538 0
3.63719915982194 1.113290780433933 0
3.732601696556272 0.4485466056710405 0
1.581643290691757 0.3649134220620999 0
1.549999999998854 0.7323714390106183 0
2.516504792732357 -0.009529046527705864 0
0.06564962774933886 1.252951477767085 0
0.2520594513129609 -0.06693764147365777 0
2.251281386101929 0.9323081635312427 0
0.2541711207117773 2.732118323801084 0
1.749999999999364 0.2669872981079026 0
3.151893474030637 1.793902603839091 0
3.5499999999989 1.452627944161892 0
2.995064116894161 1.711628433293432 0
3.449999999998739 1.452477580377034 0
0.06668968697013469 -0.9500000000021265 0
3.733310313030769 0.9499999999955271 0
3.632977178929696 -0.2754172932777855 0
1.730144284148138 0.632596189432559 0
0.157534390862385 -1.62558477280316 0
0.3747562049509531 0.3590908797823318 0
0.1681119569156699 1.963084887363449 0
3.631888043084114 -0.9630848873613845 0
1.036915112635906 0.3681119569155636 0
1.036915112635209 0.6318880430859179 0
0.4499999999989702 -0.06525626353126113 0
0.06525626353051285 1.4499999999991 0
3.636854296279677 -0.4181215305797649 0
2.41800010255202 0.8374741294636781 0
0.3510822595942609 -0.2820622601034048 0
0.3659034057530469 0.6312593419944367 0
3.641780486970039 -1.622794577804634 0
3.738129956377212 0.2499999999949556 0
3.478460969083524 2.199999999998433 0
3.550540147076303 2.323832579095443 0
0.2732050807570443 0.7267949192428254 0
3.726794919242805 -1.726794919242941 0
2.100000000000155 1.026794919243156 0
0.07320508075702843 -0.07320508075714433 0
2.099999999999836 -0.02679491924321618 0
3.726794919242859 2.726794919242911 0
0.07320508075694218 2.72679491924298 0
1.928136875572639 0.2723790159271948 0
0.07320508075674027 1.073205080756745 0
2.675242412064792 0.4169321495544439 0
0.2710056623351784 0.2714596346082604 0
0.07269592645534736 -1.727304073544634 0
2.288120044974047 -0.02173079793212717 0
2.574657960582635 0.7529799722288438 0
3.644602907410316 1.451778528175676 0
1.276769576342068 -1.637759374192114 0
3.076024680692277 2.638384888898064 0
3.023978697429384 2.54818090920507 0
2.723651914374605 -1.54803011229438 0
3.320708965912647 -1.542287274958037 0
3.469087891317096 -1.627802287576479 0
2.930935003875657 -1.627676643384279 0
2.576403791133066 -1.548074333153952 0
0.5309859277493012 2.627198591936063 0
0.9759878557906421 -1.547141894789074 0
0.9235507898190463 -1.637127729938194 0
2.881013800205261 2.541036782140841 0
2.231167072111673 2.627835041259868 0
1.530582205119297 2.625931365389889 0
0.2275217465813439 2.54879789147689 0
2.021125435090824 2.546898662790266 0
2.073094493568661 2.627130060579897 0
2.62989681206126 2.55209182002463 0
2.576830780800769 2.472001352537189 0
0.6838108017292194 -1.651794182381182 0
1.226659700243698 -1.558324577095464 0
0.7836935229468043 2.651799301302342 0
2.773199499162736 -1.627232071401206 0
3.081231001099484 -1.537318303030636 0
2.526686370831408 -1.62725503830311 0
3.471996942771992 2.552374063656991 0
3.428982657023755 2.623993500615047 0
2.422413775572387 2.472764639265806 0
2.37629291137432 2.54146029882166 0
0.3310765056523618 -1.623400552273861 0
1.671210608023848 2.560107330922483 0
1.827750269602239 0.7273334732908354 0
1.927118052376835 0.6271752107165985 0
2.676722027213418 0.2752355907402864 0
3.641656665128061 1.926923474430219 0
0.1357077335228848 1.694323680519539 0
0.2310731880052516 -0.5455499167535968 0
3.572798536381609 2.049999999998313 0
0.2267949192446365 -0.3500000000009719 0
3.666287210706161 0.002823260264069404 0
2.949784482333338 1.153072244639149 0
0.138757028978583 -0.6975506709886231 0
1.946611441175265 0.7468193584613347 0
3.644848485616735 2.570899067791203 0
2.668046871634571 0.5915764136381539 0
0.1318317349265933 2.197974743680831 0
0.138758527868441 1.888147835509237 0
1.106831365153982 0.3383999789743147 0
1.105622828620289 0.6616842253155581 0
3.661277552067589 -0.8931276630319548 0
$EndNodes
$Elements
6 4166 1 4166
0 3 15 1
1 3 
0 9 15 1
2 9 
1 8 1 10
3 3 176 
4 176 177 
5 177 178 
6 178 179 
7 179 180 
8 180 181 
9 181 182 
10 182 183 
11 183 184 
12 184 9 
1 11 1 2
13 8 191 
14 191 10 
2 1 2 194
15 55 56 256 
16 109 108 257 
17 179 178 258 
18 53 54 259 
19 107 106 260 
20 75 74 261 
21 91 92 262 
22 69 5 263 
23 105 104 287 
24 187 188 264 
25 77 76 266 
26 93 94 265 
27 183 182 267 
28 64 65 268 
29 118 117 269 
30 79 78 273 
31 95 96 272 
32 62 63 282 
33 67 68 270 
34 121 120 271 
35 84 83 284 
36 261 74 294 
37 91 262 293 
38 254 5 290 
39 69 263 289 
40 187 264 292 
41 267 182 288 
42 268 65 291 
43 5 254 297 
44 263 5 297 
45 100 283 295 
46 99 100 295 
47 74 73 294 
48 90 91 293 
49 186 187 292 
50 5 185 290 
51 70 69 289 
52 65 66 291 
53 182 181 288 
54 7 255 296 
55 97 98 286 
56 88 89 278 
57 72 71 277 
58 58 59 279 
59 112 111 280 
60 86 87 274 
61 114 113 276 
62 60 61 275 
63 81 80 285 
64 100 101 283 
65 116 115 281 
66 260 106 274 
67 55 256 277 
68 257 108 278 
69 75 261 279 
70 262 92 280 
71 259 54 277 
72 107 260 278 
73 77 266 275 
74 265 94 276 
75 274 105 287 
76 93 265 280 
77 266 76 279 
78 273 78 275 
79 95 272 276 
80 272 96 281 
81 271 120 283 
82 64 268 285 
83 282 63 285 
84 269 117 286 
85 255 7 287 
86 104 255 287 
87 273 62 282 
88 79 273 282 
89 67 270 284 
90 270 84 284 
91 258 178 290 
92 53 259 289 
93 264 188 288 
94 109 257 293 
95 256 56 294 
96 179 258 292 
97 284 83 291 
98 118 269 295 
99 281 97 286 
100 116 281 286 
101 87 260 274 
102 89 257 278 
103 256 72 277 
104 260 88 278 
105 71 259 277 
106 111 262 280 
107 261 58 279 
108 59 266 279 
109 265 112 280 
110 113 265 276 
111 266 60 275 
112 61 273 275 
113 272 114 276 
114 115 272 281 
115 80 282 285 
116 268 81 285 
117 101 271 283 
118 86 274 287 
119 98 269 286 
120 73 256 294 
121 257 90 293 
122 258 186 292 
123 185 258 290 
124 259 70 289 
125 181 264 288 
126 66 284 291 
127 269 99 295 
128 270 68 299 
129 121 271 298 
130 183 267 296 
131 267 7 296 
132 283 119 295 
133 106 105 274 
134 78 77 275 
135 94 95 276 
136 54 55 277 
137 108 107 278 
138 92 93 280 
139 76 75 279 
140 96 97 281 
141 120 119 283 
142 63 64 285 
143 117 116 286 
144 52 53 289 
145 263 52 289 
146 178 177 290 
147 177 254 290 
148 188 189 288 
149 189 267 288 
150 83 82 291 
151 82 268 291 
152 110 109 293 
153 56 57 294 
154 57 261 294 
155 262 110 293 
156 264 180 292 
157 180 179 292 
158 119 118 295 
159 184 183 296 
160 181 180 264 
161 59 60 266 
162 113 112 265 
163 189 7 267 
164 104 103 255 
165 82 81 268 
166 98 99 269 
167 51 52 263 
168 80 79 282 
169 87 88 260 
170 71 70 259 
171 7 86 287 
172 101 102 271 
173 85 84 270 
174 115 114 272 
175 61 62 273 
176 66 67 284 
177 111 110 262 
178 57 58 261 
179 177 176 254 
180 185 186 258 
181 89 90 257 
182 73 72 256 
183 4 190 299 
184 68 4 299 
185 191 10 298 
186 10 121 298 
187 50 51 297 
188 51 263 297 
189 176 3 300 
190 3 50 300 
191 9 184 301 
192 103 9 301 
193 85 270 302 
194 271 102 303 
195 184 296 301 
196 50 297 300 
197 254 176 300 
198 255 103 301 
199 296 255 301 
200 270 299 302 
201 298 271 303 
202 190 6 302 
203 102 8 303 
204 6 85 302 
205 8 191 303 
206 297 254 300 
207 299 190 302 
208 191 298 303 
2 2 2 3958
209 502 1231 1500 
210 1224 1421 1460 
211 310 1423 1585 
212 619 1718 2143 
213 1726 1072 1995 
214 502 1500 2061 
215 1685 1348 1949 
216 557 1270 1347 
217 1246 581 1679 
218 311 1272 1293 
219 557 1347 1348 
220 1674 1203 1832 
221 1080 981 1419 
222 310 1585 2079 
223 1718 619 2080 
224 618 1241 1954 
225 973 1205 1709 
226 1205 1289 1709 
227 1289 854 1709 
228 1142 1290 1670 
229 1290 412 1670 
230 634 1202 1547 
231 1204 629 1400 
232 1264 579 1580 
233 396 1283 1301 
234 1205 973 2152 
235 1092 1456 1704 
236 1562 687 1583 
237 306 1223 1544 
238 1096 1374 1375 
239 689 1247 1608 
240 991 1099 1588 
241 1654 617 1958 
242 595 1259 1960 
243 629 1204 1957 
244 1445 596 1974 
245 1072 1292 1995 
246 1282 998 1284 
247 582 1232 1240 
248 1241 618 2065 
249 581 1246 2066 
250 311 1293 2064 
251 1097 991 1588 
252 1989 703 1990 
253 1287 1989 1990 
254 1993 660 1994 
255 1288 1993 1994 
256 1991 542 1992 
257 1550 1991 1992 
258 1999 1289 2000 
259 1670 1999 2000 
260 1225 1213 2021 
261 1213 2019 2021 
262 1211 2015 2016 
263 1226 1211 2016 
264 2052 1215 2053 
265 1215 1227 2053 
266 1182 1181 2047 
267 1182 2047 2049 
268 1346 1674 1832 
269 981 1089 1419 
270 1421 1224 1963 
271 1421 1199 1460 
272 697 750 1574 
273 1391 1069 1392 
274 1210 1447 2111 
275 1202 634 2057 
276 617 1654 2058 
277 1264 1580 2059 
278 1273 400 1336 
279 1278 340 1279 
280 398 1392 1978 
281 1392 398 2087 
282 1283 396 2088 
283 1259 595 2055 
284 1092 1704 2054 
285 687 1562 2056 
286 867 1685 1949 
287 1348 1685 2067 
288 897 830 1299 
289 1718 1189 2143 
290 1574 750 2110 
291 51 50 1393 
292 123 122 1411 
293 1537 1427 1821 
294 1447 648 2111 
295 1279 695 1548 
296 696 1274 1336 
297 1596 1696 2096 
298 1696 1596 1986 
299 315 1295 1297 
300 1538 1209 2111 
301 1544 1223 1981 
302 596 1445 1982 
303 1096 1375 1980 
304 1247 689 1984 
305 1347 1188 1348 
306 998 1282 2068 
307 582 1240 2072 
308 1080 1419 1971 
309 1203 1674 1968 
310 1452 1811 1986 
311 1296 897 1299 
312 396 1301 1302 
313 1811 1452 2137 
314 1219 1951 2011 
315 1950 1269 2026 
316 1245 1445 1974 
317 1951 1219 2081 
318 1269 1950 2082 
319 1281 627 1282 
320 655 1390 1391 
321 1285 741 1766 
322 1586 1240 1662 
323 1818 1935 2083 
324 1600 348 2084 
325 1255 1603 2085 
326 1619 1594 2086 
327 1295 315 2094 
328 1958 73 1960 
329 80 1954 1974 
330 1200 1699 2109 
331 340 1278 1280 
332 1393 50 2100 
333 1411 122 2103 
334 1427 1537 2099 
335 1259 1263 1960 
336 1446 1268 2082 
337 1201 1430 2081 
338 765 1275 2093 
339 1263 1654 1958 
340 648 1538 2111 
341 627 1281 1283 
342 635 1294 1295 
343 655 1391 1392 
344 973 1292 2152 
345 1277 935 2092 
346 1374 1096 1965 
347 1223 306 1963 
348 392 1271 1964 
349 1608 1247 1966 
350 1588 1099 1967 
351 830 888 1299 
352 1241 1245 1954 
353 1204 1158 1957 
354 635 1293 1294 
355 1246 1236 1642 
356 1646 1442 1939 
357 897 1296 1651 
358 1221 636 2001 
359 651 1327 2012 
360 317 1218 2002 
361 1218 317 2003 
362 979 1429 2009 
363 1560 913 2005 
364 319 1211 2014 
365 1429 979 2010 
366 1327 651 2013 
367 1556 1101 2008 
368 1211 319 2015 
369 401 1213 2017 
370 1213 401 2019 
371 911 1344 2042 
372 1344 911 2043 
373 1312 328 2032 
374 1543 316 2036 
375 316 1543 2040 
376 643 1222 2037 
377 1222 643 2038 
378 328 1312 2039 
379 1217 308 2028 
380 308 1217 2030 
381 402 1214 2045 
382 1180 1714 2033 
383 636 1221 2035 
384 1216 304 2022 
385 912 1379 2024 
386 1379 912 2023 
387 1168 1380 2020 
388 837 1436 2050 
389 385 1215 2052 
390 1215 385 2051 
391 1094 1276 2018 
392 1276 583 2018 
393 1378 1177 2025 
394 630 1216 2022 
395 1560 914 2004 
396 914 1560 2005 
397 1556 979 2009 
398 979 1556 2008 
399 1212 1573 2006 
400 1573 1212 2007 
401 651 1218 2003 
402 553 1219 2011 
403 1218 651 2012 
404 633 1217 2028 
405 1269 692 2026 
406 692 1269 2029 
407 308 1225 2021 
408 1220 328 2031 
409 328 1220 2032 
410 1225 308 2030 
411 319 1327 2013 
412 1327 319 2014 
413 401 1226 2016 
414 1226 401 2017 
415 1221 399 2035 
416 1714 1175 2033 
417 1175 1714 2034 
418 643 1312 2038 
419 1312 643 2039 
420 316 1222 2036 
421 1222 316 2037 
422 1543 652 2040 
423 1227 584 2053 
424 1181 1395 2047 
425 911 1325 2043 
426 1436 835 2050 
427 1107 1437 2046 
428 1214 1444 2045 
429 1344 932 2042 
430 1325 911 2044 
431 1093 1450 1945 
432 1336 400 2078 
433 1279 340 2077 
434 1198 1413 2079 
435 1642 1236 2080 
436 1271 392 2145 
437 1985 542 1991 
438 1275 765 1500 
439 1818 1230 1935 
440 1742 542 1985 
441 1380 1168 2116 
442 583 1276 2117 
443 1216 630 2118 
444 399 1221 2120 
445 652 1543 2125 
446 1395 1181 2123 
447 1444 1214 2124 
448 913 1560 2132 
449 1101 1556 2131 
450 1214 402 2128 
451 1714 1180 2133 
452 304 1216 2134 
453 1436 837 2130 
454 1177 1378 2135 
455 1217 633 2136 
456 1219 553 2141 
457 584 1227 2138 
458 835 1436 2139 
459 1437 1107 2140 
460 932 1344 2142 
461 1276 1094 2093 
462 1348 1188 1949 
463 1069 1391 2091 
464 1284 998 1942 
465 1232 582 1943 
466 1699 1200 1944 
467 1456 1092 1970 
468 1562 1583 1972 
469 1987 1206 1988 
470 1206 1190 1988 
471 694 1726 1995 
472 1291 1997 1998 
473 1290 1291 1998 
474 348 1582 2084 
475 1603 688 2085 
476 580 1619 2086 
477 1298 1297 1955 
478 1547 1202 1968 
479 1204 1400 1969 
480 1447 1210 1971 
481 1231 502 1970 
482 579 1264 1972 
483 1935 341 2083 
484 1586 1662 2065 
485 1187 1200 2109 
486 1263 1958 1960 
487 1954 1245 1974 
488 1297 1299 1955 
489 1296 1294 1651 
490 994 1446 2082 
491 1430 995 2081 
492 1946 765 2093 
493 1442 1646 2149 
494 695 1279 2077 
495 696 1336 2078 
496 935 1941 2092 
497 1430 1201 2057 
498 1268 1446 2058 
499 935 1277 2059 
500 1392 1069 1978 
501 1811 1696 1986 
502 1603 1255 2055 
503 348 1600 2054 
504 1594 1619 2056 
505 1188 1187 1949 
506 481 1997 2075 
507 1690 1996 2073 
508 1987 971 2073 
509 1945 1450 2155 
510 1272 311 1965 
511 1270 557 1964 
512 1679 581 1966 
513 1209 1538 1967 
514 989 906 1300 
515 2049 1433 2129 
516 2044 1422 2127 
517 1343 2041 2142 
518 2031 693 2133 
519 2023 1747 2135 
520 2010 1166 2141 
521 406 2007 2131 
522 400 1273 1980 
523 704 1777 1983 
524 1548 695 2062 
525 1274 696 2063 
526 1585 1423 1975 
527 1295 1294 1296 
528 1742 1578 1952 
529 1413 1198 2089 
530 1285 1766 2090 
531 1777 704 2146 
532 1283 1300 1301 
533 1413 310 2079 
534 619 1642 2080 
535 2041 1541 2142 
536 1182 2049 2129 
537 1325 2044 2127 
538 1379 2023 2135 
539 1220 2031 2133 
540 1429 2010 2141 
541 2007 1212 2131 
542 1281 989 1300 
543 906 1025 1300 
544 1283 1281 1300 
545 1337 692 2092 
546 1385 1962 1973 
547 1280 1278 1936 
548 1295 1296 1297 
549 741 1285 2070 
550 1240 1586 2072 
551 1412 636 2071 
552 1282 627 2068 
553 1390 655 2069 
554 1189 102 2143 
555 892 1189 2144 
556 638 1981 2161 
557 1984 1398 2160 
558 1399 1982 2159 
559 1339 1979 2158 
560 315 1297 1298 
561 1996 1207 2073 
562 1206 1987 2073 
563 1997 1291 2075 
564 1297 1296 1299 
565 1300 1025 1301 
566 1303 552 1308 
567 552 106 1308 
568 1305 405 1309 
569 405 109 1309 
570 107 108 1931 
571 106 107 1308 
572 109 110 1309 
573 1370 1883 1930 
574 1364 1362 1929 
575 1003 878 1365 
576 1308 107 1931 
577 552 1303 1755 
578 1363 1003 1365 
579 405 1305 1534 
580 1284 1581 1755 
581 1364 1000 1369 
582 1369 1000 1370 
583 1108 1110 1755 
584 1003 1363 1366 
585 1534 1001 1800 
586 1071 1919 1933 
587 878 875 1365 
588 1313 738 1627 
589 488 1307 1629 
590 929 1117 1310 
591 1113 1627 1628 
592 1179 929 1311 
593 929 1310 1311 
594 1310 1117 1711 
595 1113 1313 1627 
596 1406 654 1911 
597 882 880 1367 
598 1000 1364 1929 
599 1307 1111 1629 
600 1358 1002 1918 
601 1002 1358 1919 
602 1320 325 1360 
603 1317 326 1564 
604 640 1315 1564 
605 1138 1320 1360 
606 1581 552 1755 
607 1315 1317 1564 
608 1315 640 1316 
609 1930 1306 1932 
610 853 721 1495 
611 654 1910 1911 
612 1493 1492 1914 
613 1113 1628 1629 
614 1494 853 1495 
615 654 1406 1909 
616 1366 1373 1901 
617 1041 1040 1817 
618 1369 1370 1930 
619 1307 488 1630 
620 452 421 1319 
621 1526 1523 1857 
622 647 1329 1630 
623 1303 1108 1755 
624 1354 1918 1922 
625 398 1403 1910 
626 1910 1403 1911 
627 1304 1534 1800 
628 1110 1284 1755 
629 1648 1041 1817 
630 120 121 1417 
631 880 1003 1367 
632 1005 1355 1928 
633 1305 1001 1534 
634 847 715 1488 
635 1111 1113 1629 
636 824 1526 1857 
637 947 1005 1928 
638 1466 847 1488 
639 510 501 1888 
640 1306 1309 1932 
641 1522 1520 1875 
642 1496 1465 1903 
643 721 723 1495 
644 1316 640 1417 
645 504 1314 1833 
646 544 522 1338 
647 1853 1313 1856 
648 1000 866 1370 
649 1329 1307 1630 
650 866 851 1370 
651 738 1313 1853 
652 314 1368 1369 
653 1321 918 1326 
654 918 1164 1326 
655 1116 1335 1861 
656 853 1494 1496 
657 1318 544 1338 
658 1125 918 1321 
659 504 452 1319 
660 1711 1117 1856 
661 1117 1853 1856 
662 1925 1360 1927 
663 1883 1306 1930 
664 685 1470 1637 
665 1314 504 1319 
666 815 1522 1875 
667 882 1367 1850 
668 108 405 1931 
669 1918 1002 1922 
670 1188 1347 1676 
671 855 1640 1926 
672 954 1493 1914 
673 522 510 1338 
674 737 975 1900 
675 1470 1471 1637 
676 1274 1090 1334 
677 1274 1334 1336 
678 975 1188 1676 
679 1861 1335 1881 
680 715 717 1488 
681 1872 1316 1904 
682 1415 761 1866 
683 1405 1406 1911 
684 1125 1321 1415 
685 1330 870 1331 
686 112 113 1368 
687 314 112 1368 
688 1366 1363 1371 
689 448 496 1484 
690 1331 870 1332 
691 1367 1366 1901 
692 1338 510 1888 
693 847 1466 1468 
694 411 1517 1518 
695 121 323 1417 
696 640 120 1417 
697 1362 1365 1929 
698 411 389 1517 
699 1116 1334 1335 
700 1041 1838 1852 
701 1694 1485 1797 
702 647 1497 1921 
703 411 1518 1519 
704 1355 1005 1927 
705 1040 1114 1817 
706 1482 492 1483 
707 59 313 1357 
708 60 59 1357 
709 1509 1511 1841 
710 847 1468 1753 
711 1003 1366 1367 
712 1415 1104 1448 
713 409 1511 1513 
714 1319 421 1844 
715 389 409 1517 
716 1611 742 1832 
717 438 436 1630 
718 326 1317 1901 
719 1286 1536 1537 
720 1468 1470 1753 
721 367 376 1566 
722 1485 1484 1797 
723 1838 1526 1852 
724 409 1513 1517 
725 1366 1371 1373 
726 544 1318 1808 
727 201 200 341 
728 65 325 1916 
729 1373 326 1901 
730 1523 1522 1857 
731 141 140 1322 
732 1328 615 1397 
733 1553 1536 1784 
734 1114 1319 1844 
735 1324 1341 1342 
736 1511 409 1841 
737 1470 685 1753 
738 1317 1850 1901 
739 325 1320 1916 
740 492 448 1484 
741 1041 1648 1838 
742 1329 647 1921 
743 1536 1286 1784 
744 234 400 1375 
745 188 187 692 
746 188 692 1337 
747 1850 1367 1901 
748 1017 1328 1397 
749 742 1345 1832 
750 395 420 1597 
751 1529 1516 1780 
752 1817 1114 1844 
753 168 167 340 
754 759 757 1332 
755 1599 1091 1600 
756 1322 140 1341 
757 488 1629 1660 
758 997 1388 1393 
759 1121 1717 1744 
760 853 1496 1903 
761 1629 1628 1660 
762 846 1527 1819 
763 117 326 1373 
764 423 487 1530 
765 1526 824 1852 
766 1527 1515 1819 
767 170 169 1386 
768 1013 1091 1599 
769 940 1002 1919 
770 975 1676 1900 
771 1015 1017 1397 
772 807 1529 1780 
773 413 423 1530 
774 1334 1090 1335 
775 1340 802 1589 
776 1483 492 1484 
777 199 691 1339 
778 1357 313 1358 
779 487 1508 1530 
780 855 1872 1904 
781 870 759 1332 
782 1345 742 1609 
783 1402 942 1405 
784 492 1482 1597 
785 616 1717 1836 
786 140 139 1341 
787 1321 1104 1415 
788 603 752 1404 
789 1520 1527 1875 
790 139 318 1341 
791 958 1015 1407 
792 1401 942 1402 
793 1744 544 1808 
794 1460 1199 1671 
795 1015 1397 1407 
796 200 199 1339 
797 1717 1121 1836 
798 761 1415 1448 
799 1388 1390 1393 
800 1464 1462 1496 
801 341 200 1339 
802 1532 1768 1770 
803 1370 851 1883 
804 615 1328 1609 
805 1121 1744 1808 
806 114 404 1361 
807 683 1637 1825 
808 1637 1471 1825 
809 1522 815 1857 
810 997 1387 1388 
811 1005 1925 1927 
812 1579 829 1624 
813 488 438 1630 
814 1371 116 1373 
815 1340 1013 1778 
816 1770 656 1860 
817 650 601 1609 
818 321 68 1826 
819 4 68 321 
820 1438 248 1834 
821 1484 496 1797 
822 1200 974 1350 
823 683 1825 1845 
824 1636 1460 1671 
825 1138 1360 1925 
826 1598 1740 1830 
827 761 870 1866 
828 616 1836 1861 
829 501 504 1888 
830 1013 1599 1778 
831 1508 487 1552 
832 1624 829 1625 
833 1565 1340 1589 
834 1309 110 1932 
835 402 141 1322 
836 1332 757 1792 
837 376 411 1566 
838 1353 60 1357 
839 656 367 1566 
840 436 647 1630 
841 951 1138 1925 
842 1598 1487 1740 
843 1919 1358 1933 
844 115 116 1371 
845 757 662 1792 
846 657 1487 1598 
847 1361 404 1362 
848 1528 658 1532 
849 1487 657 1597 
850 6 190 605 
851 1125 1415 1866 
852 325 1359 1360 
853 656 1566 1860 
854 1440 1438 1834 
855 325 64 1359 
856 1087 1349 1894 
857 709 1769 1837 
858 632 1383 1387 
859 1387 1383 1388 
860 1048 321 1826 
861 658 1528 1531 
862 1381 446 1384 
863 420 492 1597 
864 45 1351 1376 
865 1324 1322 1341 
866 231 232 311 
867 233 234 1375 
868 1494 1464 1496 
869 381 361 1532 
870 798 801 1625 
871 1694 674 1893 
872 1376 1351 1380 
873 1768 656 1770 
874 1579 1506 1722 
875 829 1579 1722 
876 657 395 1597 
877 116 117 1373 
878 620 958 1803 
879 1492 1495 1914 
880 171 446 1381 
881 1516 1625 1780 
882 937 1071 1405 
883 391 383 1647 
884 958 1407 1803 
885 189 188 1337 
886 504 1833 1888 
887 113 1361 1368 
888 752 942 1404 
889 1845 1486 1864 
890 1505 1552 1814 
891 4 321 322 
892 402 1322 1323 
893 403 1355 1356 
894 639 1372 1618 
895 629 205 1400 
896 974 605 1350 
897 1462 1465 1496 
898 43 44 386 
899 639 1553 1784 
900 858 1011 1565 
901 1790 1042 1808 
902 1249 1248 1250 
903 942 937 1405 
904 1328 1345 1609 
905 1486 862 1864 
906 1917 1329 1921 
907 1384 446 1385 
908 32 33 401 
909 62 61 403 
910 46 583 1351 
911 78 596 1399 
912 829 798 1625 
913 114 115 404 
914 403 61 1353 
915 1368 1364 1369 
916 173 632 1387 
917 996 207 1409 
918 153 152 385 
919 142 141 402 
920 616 1861 1881 
921 149 305 1394 
922 1518 1515 1527 
923 434 432 1497 
924 658 381 1532 
925 996 1409 1410 
926 742 650 1609 
927 1355 1354 1928 
928 37 38 633 
929 1810 846 1819 
930 150 149 1394 
931 312 239 1447 
932 1519 1518 1520 
933 239 240 1447 
934 1388 1383 1389 
935 802 1340 1778 
936 1203 1611 1832 
937 1331 1332 1333 
938 403 1353 1354 
939 43 386 1458 
940 1090 1023 1871 
941 1341 318 1342 
942 1465 1488 1903 
943 388 416 1457 
944 1424 1425 1426 
945 1530 1509 1841 
946 1249 1250 1251 
947 419 1647 1648 
948 601 615 1609 
949 1503 1504 1552 
950 1357 1358 1918 
951 94 580 1398 
952 147 146 637 
953 95 94 1398 
954 1251 1250 1252 
955 446 170 1386 
956 915 1106 1422 
957 39 304 1424 
958 223 310 1413 
959 809 1459 1636 
960 205 204 1400 
961 386 1378 1458 
962 1333 1862 1886 
963 1011 1340 1565 
964 489 1489 1490 
965 223 224 310 
966 1124 1414 1610 
967 683 1845 1864 
968 647 434 1497 
969 113 114 1361 
970 1443 1440 1849 
971 605 190 1350 
972 1435 1432 1437 
973 416 427 1457 
974 942 1401 1404 
975 489 1490 1491 
976 736 737 1349 
977 237 238 1418 
978 225 641 1423 
979 779 778 1867 
980 1459 1460 1636 
981 62 403 1356 
982 851 850 1883 
983 46 47 583 
984 145 309 1431 
985 411 1519 1566 
986 1528 1532 1770 
987 639 352 1553 
988 1388 1389 1390 
989 204 447 1400 
990 996 1410 1411 
991 208 207 996 
992 221 628 1420 
993 1529 1810 1819 
994 238 312 1418 
995 151 631 1667 
996 221 222 628 
997 71 617 1446 
998 421 407 1844 
999 213 214 1456 
1000 1405 1071 1406 
1001 1418 312 1419 
1002 70 71 1446 
1003 1516 1624 1625 
1004 419 391 1647 
1005 1769 1404 1837 
1006 219 220 306 
1007 632 1381 1382 
1008 10 191 1427 
1009 1390 1389 1391 
1010 1414 1124 1723 
1011 862 678 1864 
1012 16 17 1428 
1013 1449 584 1451 
1014 175 174 997 
1015 1093 157 1449 
1016 760 761 1448 
1017 1424 304 1425 
1018 548 593 1602 
1019 191 320 1427 
1020 704 245 1791 
1021 634 161 1430 
1022 1244 1248 1249 
1023 603 1404 1769 
1024 821 1416 1591 
1025 1361 1362 1364 
1026 1504 1508 1552 
1027 383 658 1647 
1028 69 70 994 
1029 1529 807 1810 
1030 1361 1364 1368 
1031 160 159 995 
1032 489 430 1489 
1033 791 794 1533 
1034 1244 1247 1248 
1035 1485 1694 1893 
1036 1440 1834 1849 
1037 1252 1250 1253 
1038 1420 628 1421 
1039 1453 388 1457 
1040 45 46 1351 
1041 397 163 1547 
1042 1503 1502 1504 
1043 856 858 1565 
1044 1431 309 1437 
1045 1323 1322 1324 
1046 600 738 1853 
1047 1598 1830 1846 
1048 1432 1431 1437 
1049 404 115 1371 
1050 163 162 1547 
1051 790 791 1533 
1052 204 203 447 
1053 1483 1484 1485 
1054 1093 1449 1450 
1055 1459 809 1672 
1056 632 172 1381 
1057 1335 1090 1871 
1058 1374 233 1375 
1059 930 728 1563 
1060 354 639 1618 
1061 172 171 1381 
1062 870 1330 1866 
1063 994 70 1446 
1064 1244 1249 1445 
1065 64 63 1359 
1066 1031 1738 1771 
1067 648 241 1538 
1068 1552 487 1814 
1069 1542 1171 1563 
1070 1428 17 1555 
1071 1318 1790 1808 
1072 736 605 737 
1073 432 489 1497 
1074 1382 1381 1384 
1075 206 629 1409 
1076 1411 1410 1412 
1077 1501 1502 1503 
1078 1012 886 1592 
1079 240 648 1447 
1080 225 226 641 
1081 1546 1565 1589 
1082 1252 1253 1254 
1083 1549 1192 1737 
1084 157 156 1449 
1085 1192 972 1737 
1086 352 350 1553 
1087 61 60 1353 
1088 997 174 1387 
1089 763 760 1448 
1090 817 1591 1725 
1091 593 1601 1602 
1092 1416 821 1671 
1093 156 155 584 
1094 171 170 446 
1095 946 1030 1569 
1096 417 1618 1761 
1097 1092 1012 1592 
1098 931 1539 1540 
1099 1362 404 1363 
1100 662 576 1792 
1101 1506 1533 1722 
1102 931 724 1539 
1103 1250 1248 1352 
1104 160 995 1430 
1105 1482 1487 1597 
1106 1532 361 1768 
1107 48 49 1094 
1108 35 36 308 
1109 206 205 629 
1110 1455 1457 1796 
1111 38 39 1424 
1112 632 1382 1383 
1113 1372 639 1784 
1114 638 218 1544 
1115 44 45 1376 
1116 1501 790 1502 
1117 350 338 1535 
1118 63 1356 1359 
1119 350 1535 1553 
1120 430 428 1489 
1121 1029 1712 1716 
1122 1154 1153 1499 
1123 787 790 1501 
1124 738 1626 1627 
1125 821 1636 1671 
1126 1591 1416 1725 
1127 386 44 1376 
1128 1569 1030 1570 
1129 739 1812 1846 
1130 1124 1610 1687 
1131 147 637 1675 
1132 379 657 1812 
1133 658 1531 1647 
1134 375 388 1453 
1135 1616 1031 1771 
1136 1123 1599 1600 
1137 511 548 1602 
1138 1172 1157 1173 
1139 1171 930 1563 
1140 1255 1254 1256 
1141 207 206 1409 
1142 161 160 1430 
1143 173 172 632 
1144 121 10 323 
1145 657 1598 1812 
1146 1346 1079 1548 
1147 145 144 309 
1148 1087 736 1349 
1149 1536 895 1537 
1150 1618 1372 1761 
1151 1086 736 1087 
1152 1320 1915 1916 
1153 1498 948 1569 
1154 553 16 1428 
1155 1256 1257 1258 
1156 633 38 1424 
1157 1069 1018 1070 
1158 1461 495 1462 
1159 250 251 1595 
1160 403 1354 1355 
1161 1677 1551 1701 
1162 980 927 1103 
1163 1491 1490 1492 
1164 737 605 974 
1165 631 1396 1667 
1166 119 640 1564 
1167 240 241 648 
1168 152 151 1667 
1169 799 856 1546 
1170 1505 1503 1552 
1171 144 143 1444 
1172 955 746 1018 
1173 620 751 958 
1174 1539 932 1541 
1175 1872 855 1926 
1176 1156 1154 1157 
1177 948 946 1569 
1178 713 712 714 
1179 809 806 1672 
1180 17 18 1555 
1181 18 406 1555 
1182 775 913 1571 
1183 89 88 1580 
1184 715 714 716 
1185 1165 1571 1572 
1186 862 1486 1874 
1187 579 89 1580 
1188 553 1428 1429 
1189 1535 1536 1553 
1190 1011 886 1012 
1191 1128 1681 1774 
1192 162 161 634 
1193 1535 895 1536 
1194 950 948 1498 
1195 88 87 935 
1196 843 977 1633 
1197 426 495 1461 
1198 1557 1558 1561 
1199 386 1376 1377 
1200 858 886 1011 
1201 1557 644 1558 
1202 1187 974 1200 
1203 955 1018 1069 
1204 728 726 1563 
1205 901 898 1651 
1206 958 959 1015 
1207 1172 1173 1221 
1208 307 1587 1588 
1209 599 779 1635 
1210 23 644 1557 
1211 888 827 1661 
1212 332 895 1535 
1213 1070 1402 1403 
1214 1610 625 1687 
1215 977 889 1631 
1216 1593 888 1661 
1217 1461 1462 1464 
1218 1013 1012 1091 
1219 1256 1254 1257 
1220 968 1066 1545 
1221 724 722 1539 
1222 1504 1502 1506 
1223 1342 318 1343 
1224 1065 950 1498 
1225 1015 959 1016 
1226 1011 1012 1013 
1227 1520 1518 1527 
1228 1017 1016 1078 
1229 1546 856 1565 
1230 1519 1520 1521 
1231 975 974 1187 
1232 222 223 1413 
1233 858 859 886 
1234 1840 464 1862 
1235 718 716 911 
1236 898 897 1651 
1237 375 387 388 
1238 1293 1084 1294 
1239 220 221 1420 
1240 1256 1258 1259 
1241 686 712 713 
1242 738 569 1626 
1243 1156 1157 1172 
1244 162 634 1547 
1245 489 1491 1497 
1246 909 1677 1701 
1247 1126 1551 1641 
1248 1259 1258 1260 
1249 970 844 1575 
1250 717 716 718 
1251 1527 846 1875 
1252 419 1648 1817 
1253 568 599 1635 
1254 712 915 1422 
1255 1491 1492 1493 
1256 88 935 1580 
1257 785 787 1501 
1258 585 611 1644 
1259 1015 1016 1017 
1260 637 1433 1675 
1261 24 25 1665 
1262 1028 1029 1716 
1263 777 775 1571 
1264 581 97 1608 
1265 323 10 324 
1266 722 932 1539 
1267 1502 790 1533 
1268 1079 1078 1548 
1269 1103 927 1104 
1270 433 434 435 
1271 958 751 959 
1272 470 645 1590 
1273 686 711 712 
1274 968 950 1065 
1275 982 1085 1231 
1276 388 415 416 
1277 593 670 1601 
1278 722 720 932 
1279 931 1540 1542 
1280 156 584 1449 
1281 1245 1242 1445 
1282 433 432 434 
1283 195 194 627 
1284 416 425 426 
1285 146 145 1431 
1286 719 718 720 
1287 737 974 975 
1288 841 885 934 
1289 1683 1782 1798 
1290 1625 801 1780 
1291 1259 1260 1263 
1292 1455 1453 1457 
1293 975 1187 1188 
1294 435 434 436 
1295 1349 737 1900 
1296 934 1074 1193 
1297 1103 1104 1105 
1298 247 248 1438 
1299 685 684 686 
1300 1454 1453 1455 
1301 67 66 876 
1302 1199 1144 1671 
1303 713 714 715 
1304 427 426 428 
1305 1078 1278 1279 
1306 1571 913 1572 
1307 1242 1244 1445 
1308 97 96 1608 
1309 385 152 1667 
1310 1017 1078 1079 
1311 174 173 1387 
1312 1021 1143 1585 
1313 1551 1126 1701 
1314 970 1575 1576 
1315 426 425 495 
1316 1152 1151 1153 
1317 332 324 895 
1318 1542 1540 1543 
1319 934 885 1074 
1320 980 1103 1211 
1321 435 436 437 
1322 444 415 1658 
1323 105 552 1581 
1324 1070 1401 1402 
1325 1252 1254 1255 
1326 1152 1153 1154 
1327 354 352 639 
1328 1074 1082 1574 
1329 483 479 1623 
1330 698 742 1611 
1331 1254 1253 1594 
1332 1001 1414 1800 
1333 881 1067 1567 
1334 1489 1464 1490 
1335 1689 1690 1720 
1336 790 789 791 
1337 1193 1074 1574 
1338 794 793 795 
1339 534 483 1623 
1340 1782 536 1798 
1341 760 759 761 
1342 1051 877 1719 
1343 633 1424 1426 
1344 431 432 433 
1345 1173 1157 1174 
1346 1173 1174 1175 
1347 1331 1333 1886 
1348 74 75 595 
1349 796 795 797 
1350 721 720 722 
1351 482 530 1554 
1352 817 814 1591 
1353 787 789 790 
1354 568 525 569 
1355 1031 1616 1748 
1356 224 225 1423 
1357 841 541 885 
1358 216 217 1582 
1359 1504 1506 1507 
1360 503 1595 1596 
1361 474 484 1620 
1362 1712 922 1716 
1363 234 235 400 
1364 412 1669 1670 
1365 715 716 717 
1366 791 793 794 
1367 840 541 841 
1368 1260 1258 1261 
1369 428 426 1461 
1370 81 82 618 
1371 842 698 1611 
1372 856 857 858 
1373 585 561 611 
1374 801 800 803 
1375 375 374 387 
1376 597 602 706 
1377 798 797 800 
1378 941 1034 1684 
1379 630 42 1458 
1380 1414 852 1610 
1381 1085 1275 1500 
1382 1140 969 1545 
1383 927 763 1448 
1384 429 428 430 
1385 1078 1279 1548 
1386 1144 1416 1671 
1387 794 795 796 
1388 961 1501 1503 
1389 92 91 687 
1390 358 354 1618 
1391 366 358 417 
1392 804 803 805 
1393 386 1377 1378 
1394 431 430 432 
1395 388 387 415 
1396 416 426 427 
1397 468 470 1590 
1398 726 724 931 
1399 1088 1087 1131 
1400 1077 1076 1223 
1401 437 436 438 
1402 41 42 630 
1403 554 375 1453 
1404 78 79 596 
1405 628 222 1413 
1406 1378 1377 1379 
1407 723 722 724 
1408 844 957 1575 
1409 1362 1363 1365 
1410 968 1065 1066 
1411 21 22 327 
1412 131 130 328 
1413 242 307 1538 
1414 435 437 1632 
1415 133 132 643 
1416 428 1461 1489 
1417 432 430 489 
1418 1490 1464 1494 
1419 345 338 350 
1420 1194 1193 1195 
1421 23 24 644 
1422 306 220 1420 
1423 1511 1510 1512 
1424 603 555 604 
1425 925 927 980 
1426 218 219 1544 
1427 682 681 684 
1428 416 415 425 
1429 796 797 798 
1430 586 620 1803 
1431 1871 606 1881 
1432 1126 1641 1697 
1433 15 16 553 
1434 1509 1507 1510 
1435 76 688 1603 
1436 530 507 531 
1437 427 428 429 
1438 569 525 1626 
1439 805 832 891 
1440 1450 1449 1451 
1441 925 763 927 
1442 801 803 804 
1443 90 579 1583 
1444 1644 611 1645 
1445 536 1754 1798 
1446 1196 1195 1197 
1447 1105 1326 1327 
1448 437 438 439 
1449 373 374 375 
1450 322 329 330 
1451 91 90 1583 
1452 307 243 1587 
1453 891 984 1076 
1454 415 387 1658 
1455 714 712 1422 
1456 787 788 789 
1457 482 507 530 
1458 1620 484 1621 
1459 1020 839 1021 
1460 1641 588 1697 
1461 961 785 1501 
1462 1169 1171 1222 
1463 798 800 801 
1464 1540 1539 1541 
1465 84 85 582 
1466 1568 534 1623 
1467 717 718 719 
1468 1509 1510 1511 
1469 418 417 541 
1470 241 242 1538 
1471 429 430 431 
1472 915 1033 1106 
1473 1602 1505 1814 
1474 613 896 1645 
1475 1105 1321 1326 
1476 1507 1506 1579 
1477 372 355 1615 
1478 1555 406 1556 
1479 1511 1512 1513 
1480 39 40 304 
1481 119 120 640 
1482 573 531 574 
1483 783 785 961 
1484 1231 1085 1500 
1485 580 93 1619 
1486 326 118 1564 
1487 104 105 1581 
1488 597 706 707 
1489 886 982 1592 
1490 1263 1260 1654 
1491 1377 1376 1380 
1492 251 252 766 
1493 810 809 1636 
1494 1461 1464 1489 
1495 25 317 1665 
1496 1533 794 1722 
1497 1513 1512 1514 
1498 244 245 704 
1499 599 600 778 
1500 555 534 1568 
1501 852 734 1610 
1502 1004 930 1169 
1503 1159 1021 1585 
1504 1120 1270 1271 
1505 1568 1683 1707 
1506 472 474 1620 
1507 1514 1516 1529 
1508 891 1076 1077 
1509 568 569 599 
1510 891 1077 1672 
1511 1202 978 1203 
1512 603 604 752 
1513 822 819 839 
1514 1492 1494 1495 
1515 1622 484 1634 
1516 412 378 1669 
1517 470 469 471 
1518 982 1231 1592 
1519 461 460 462 
1520 682 684 685 
1521 785 786 787 
1522 482 498 507 
1523 1128 1127 1783 
1524 680 681 682 
1525 1021 1022 1143 
1526 597 707 1687 
1527 725 724 726 
1528 680 679 681 
1529 1077 1459 1672 
1530 1601 1505 1602 
1531 1521 1520 1522 
1532 821 810 1636 
1533 804 805 806 
1534 758 757 759 
1535 227 228 315 
1536 470 471 472 
1537 485 468 1590 
1538 543 529 561 
1539 1690 971 1720 
1540 961 1505 1601 
1541 791 792 793 
1542 1070 1018 1401 
1543 574 590 597 
1544 778 845 928 
1545 96 95 689 
1546 599 569 600 
1547 472 471 473 
1548 1169 930 1171 
1549 719 720 721 
1550 928 929 1179 
1551 1656 1712 1764 
1552 1513 1514 1515 
1553 978 842 1611 
1554 1164 917 1165 
1555 611 561 612 
1556 758 759 760 
1557 752 753 937 
1558 468 469 470 
1559 707 706 747 
1560 730 728 930 
1561 1139 969 1140 
1562 1191 972 1192 
1563 778 600 845 
1564 830 827 888 
1565 1164 1165 1218 
1566 670 783 1601 
1567 808 806 809 
1568 761 759 870 
1569 1180 1179 1220 
1570 1510 1579 1624 
1571 440 488 1660 
1572 1105 1104 1321 
1573 1456 214 1704 
1574 886 859 982 
1575 244 704 1587 
1576 1143 1144 1198 
1577 843 889 977 
1578 1023 743 1698 
1579 463 462 464 
1580 1074 1075 1082 
1581 459 458 460 
1582 721 722 723 
1583 503 250 1595 
1584 443 482 1554 
1585 376 389 411 
1586 480 494 1653 
1587 530 531 573 
1588 1606 779 1867 
1589 1462 1463 1465 
1590 323 324 331 
1591 800 797 802 
1592 1078 1016 1278 
1593 752 604 753 
1594 727 726 728 
1595 1257 1254 1594 
1596 840 841 972 
1597 1450 1451 1452 
1598 1150 1151 1152 
1599 957 1119 1120 
1600 1260 1261 1262 
1601 443 445 482 
1602 889 985 1631 
1603 1082 1083 1285 
1604 917 777 1571 
1605 1626 1019 1627 
1606 480 490 494 
1607 805 803 832 
1608 217 218 638 
1609 472 473 474 
1610 1508 1507 1509 
1611 850 734 852 
1612 1621 484 1622 
1613 1020 1021 1159 
1614 1683 1034 1707 
1615 554 1453 1454 
1616 461 462 463 
1617 881 883 1067 
1618 249 250 503 
1619 934 1193 1194 
1620 474 473 475 
1621 1011 1013 1340 
1622 310 224 1423 
1623 928 845 929 
1624 1091 1012 1092 
1625 1328 1079 1345 
1626 22 23 1557 
1627 822 839 1020 
1628 436 434 647 
1629 1077 1223 1224 
1630 891 832 984 
1631 63 62 1356 
1632 645 472 1620 
1633 795 1546 1589 
1634 985 1186 1631 
1635 327 1557 1561 
1636 705 744 1695 
1637 42 43 1458 
1638 712 711 915 
1639 1128 1774 1802 
1640 907 746 955 
1641 744 623 1644 
1642 707 1124 1687 
1643 373 375 554 
1644 75 76 1603 
1645 348 216 1582 
1646 1311 1170 1312 
1647 418 541 840 
1648 858 857 859 
1649 957 1120 1575 
1650 1506 1502 1533 
1651 812 810 821 
1652 644 24 1665 
1653 65 64 325 
1654 1262 1266 1654 
1655 1510 1507 1579 
1656 999 852 1001 
1657 969 968 1545 
1658 118 119 1564 
1659 93 92 1619 
1660 351 350 352 
1661 918 917 1164 
1662 366 417 418 
1663 687 91 1583 
1664 855 337 1640 
1665 723 724 725 
1666 117 118 326 
1667 484 476 1634 
1668 806 805 1672 
1669 1345 1079 1346 
1670 604 555 1568 
1671 896 767 1776 
1672 937 938 1071 
1673 459 460 461 
1674 1262 1261 1264 
1675 1465 1466 1488 
1676 730 930 1004 
1677 1038 872 1743 
1678 734 625 1610 
1679 573 574 625 
1680 474 475 476 
1681 1272 1084 1293 
1682 219 306 1544 
1683 1517 1515 1518 
1684 678 679 680 
1685 468 467 469 
1686 413 1530 1841 
1687 1139 1140 1141 
1688 466 468 485 
1689 850 852 999 
1690 1021 839 1022 
1691 338 332 1535 
1692 783 784 785 
1693 478 480 1653 
1694 21 327 1573 
1695 682 685 1637 
1696 783 961 1601 
1697 877 879 1719 
1698 330 334 335 
1699 373 554 1604 
1700 448 422 449 
1701 470 472 645 
1702 706 843 1633 
1703 985 1145 1186 
1704 345 351 1748 
1705 1191 1192 1288 
1706 726 931 1563 
1707 420 410 422 
1708 417 358 1618 
1709 457 646 1652 
1710 1175 1174 1606 
1711 1514 1512 1516 
1712 395 390 410 
1713 1203 978 1611 
1714 1004 1169 1170 
1715 961 1503 1505 
1716 496 449 497 
1717 812 821 1591 
1718 599 778 779 
1719 1323 1324 1325 
1720 529 1689 1720 
1721 922 1183 1185 
1722 1076 984 1682 
1723 611 613 1645 
1724 1194 1195 1196 
1725 476 475 477 
1726 1559 644 1665 
1727 745 709 746 
1728 439 438 440 
1729 1120 1119 1270 
1730 514 1019 1626 
1731 1558 644 1559 
1732 164 163 397 
1733 637 146 1431 
1734 457 456 458 
1735 732 922 1712 
1736 869 777 917 
1737 1001 852 1414 
1738 478 477 479 
1739 1042 1121 1808 
1740 1150 1148 1151 
1741 879 881 1567 
1742 981 743 1023 
1743 1098 987 1287 
1744 1084 901 1651 
1745 478 479 480 
1746 335 336 339 
1747 725 726 727 
1748 494 490 505 
1749 1062 1127 1128 
1750 356 349 359 
1751 443 1554 1605 
1752 928 1179 1180 
1753 476 477 478 
1754 625 574 1687 
1755 678 677 679 
1756 1434 1432 1435 
1757 439 440 441 
1758 82 83 1586 
1759 1017 1079 1328 
1760 164 397 1673 
1761 1693 1891 1896 
1762 346 342 349 
1763 705 623 744 
1764 999 1001 1305 
1765 474 476 484 
1766 514 499 1019 
1767 71 72 617 
1768 337 344 1640 
1769 1062 1061 1127 
1770 1434 1435 1436 
1771 689 95 1398 
1772 357 354 358 
1773 455 457 1652 
1774 513 505 523 
1775 808 809 810 
1776 251 766 1595 
1777 775 773 913 
1778 105 106 552 
1779 1492 1490 1494 
1780 309 144 1444 
1781 637 1432 1433 
1782 364 358 366 
1783 1143 1022 1144 
1784 550 562 601 
1785 1157 1154 1499 
1786 828 831 1733 
1787 339 336 342 
1788 1673 397 1674 
1789 696 237 1418 
1790 816 814 817 
1791 1647 1531 1648 
1792 944 941 1684 
1793 1260 1262 1654 
1794 441 442 443 
1795 331 324 332 
1796 649 601 650 
1797 1616 1615 1748 
1798 814 812 1591 
1799 339 342 346 
1800 353 352 354 
1801 578 560 610 
1802 671 731 732 
1803 686 684 711 
1804 327 22 1557 
1805 362 367 656 
1806 1627 1019 1628 
1807 414 394 1607 
1808 547 523 550 
1809 698 650 742 
1810 963 1055 1056 
1811 442 440 1660 
1812 371 372 373 
1813 59 58 313 
1814 466 467 468 
1815 1155 1154 1156 
1816 96 689 1608 
1817 1634 478 1653 
1818 1258 1257 1562 
1819 100 99 1642 
1820 151 150 631 
1821 667 588 1641 
1822 193 192 998 
1823 575 463 576 
1824 619 100 1642 
1825 600 569 738 
1826 111 112 314 
1827 595 75 1603 
1828 676 677 678 
1829 1747 833 1756 
1830 1645 896 1646 
1831 371 373 1604 
1832 379 390 395 
1833 501 452 504 
1834 407 391 419 
1835 345 350 351 
1836 455 454 456 
1837 440 438 488 
1838 476 478 1634 
1839 732 921 922 
1840 690 610 749 
1841 1165 917 1571 
1842 574 597 1687 
1843 1294 1084 1651 
1844 730 1004 1711 
1845 101 100 619 
1846 591 592 1758 
1847 832 803 1727 
1848 335 334 336 
1849 807 806 808 
1850 992 901 1084 
1851 387 374 1612 
1852 1554 530 1708 
1853 735 734 850 
1854 346 349 356 
1855 818 817 819 
1856 972 841 1737 
1857 1639 506 1692 
1858 827 823 1661 
1859 1433 1432 1434 
1860 453 663 1584 
1861 525 514 1626 
1862 382 381 383 
1863 1521 1522 1523 
1864 331 332 337 
1865 618 82 1586 
1866 441 443 1605 
1867 551 525 568 
1868 494 505 513 
1869 1504 1507 1508 
1870 528 543 1715 
1871 756 662 757 
1872 356 359 361 
1873 395 410 420 
1874 663 455 1652 
1875 520 519 560 
1876 676 678 862 
1877 420 448 492 
1878 379 378 390 
1879 1612 563 1613 
1880 530 573 1708 
1881 683 682 1637 
1882 496 497 515 
1883 620 708 751 
1884 550 523 562 
1885 787 786 788 
1886 457 458 459 
1887 749 844 970 
1888 1628 1659 1660 
1889 1568 1623 1683 
1890 502 213 1456 
1891 1525 1523 1526 
1892 322 321 329 
1893 1659 442 1660 
1894 550 601 649 
1895 556 555 603 
1896 573 626 1708 
1897 671 732 1656 
1898 563 372 1615 
1899 1628 1019 1659 
1900 1027 1026 1101 
1901 1100 978 1202 
1902 420 422 448 
1903 331 337 855 
1904 497 449 1650 
1905 92 687 1619 
1906 670 782 783 
1907 799 834 856 
1908 1026 860 1551 
1909 1463 495 1731 
1910 513 523 547 
1911 729 728 730 
1912 561 529 1720 
1913 379 395 657 
1914 464 465 466 
1915 1089 1023 1090 
1916 601 562 615 
1917 910 842 978 
1918 1738 739 1771 
1919 387 1612 1658 
1920 771 769 914 
1921 373 372 374 
1922 1027 1101 1212 
1923 613 767 896 
1924 649 650 666 
1925 906 747 1025 
1926 931 1542 1563 
1927 453 454 455 
1928 108 109 405 
1929 899 1007 1009 
1930 591 549 592 
1931 455 456 457 
1932 637 1431 1432 
1933 424 414 577 
1934 453 455 663 
1935 1306 1305 1309 
1936 344 355 371 
1937 922 921 1183 
1938 1026 1551 1677 
1939 425 415 444 
1940 236 237 696 
1941 369 1668 1669 
1942 675 673 1688 
1943 820 819 822 
1944 448 449 496 
1945 916 1026 1027 
1946 732 731 921 
1947 353 357 1738 
1948 946 944 1030 
1949 243 244 1587 
1950 351 1031 1748 
1951 424 577 1643 
1952 1462 495 1463 
1953 916 860 1026 
1954 1513 1515 1517 
1955 707 747 748 
1956 805 891 1672 
1957 343 1584 1710 
1958 831 899 1733 
1959 577 414 1607 
1960 125 124 636 
1961 668 768 769 
1962 1074 885 1075 
1963 383 381 658 
1964 706 602 843 
1965 543 594 1715 
1966 597 590 602 
1967 528 516 529 
1968 574 531 590 
1969 748 747 906 
1970 796 798 829 
1971 916 1102 1663 
1972 390 378 412 
1973 158 157 1093 
1974 612 561 1720 
1975 1004 1310 1711 
1976 242 243 307 
1977 793 799 1546 
1978 941 939 1034 
1979 558 545 1717 
1980 464 462 465 
1981 674 675 676 
1982 1622 1634 1749 
1983 343 453 1584 
1984 1681 1128 1783 
1985 384 383 391 
1986 482 445 498 
1987 1060 1061 1062 
1988 768 916 1663 
1989 380 361 381 
1990 572 674 1694 
1991 586 598 620 
1992 785 784 786 
1993 791 789 792 
1994 1385 446 1386 
1995 795 793 1546 
1996 529 516 1689 
1997 869 917 918 
1998 1253 1250 1352 
1999 957 1118 1119 
2000 768 667 860 
2001 973 972 1191 
2002 589 588 667 
2003 676 675 677 
2004 626 625 734 
2005 768 860 916 
2006 1198 1144 1199 
2007 680 682 683 
2008 1060 1059 1061 
2009 232 233 1374 
2010 937 753 938 
2011 631 150 1394 
2012 589 667 668 
2013 365 370 739 
2014 550 649 1697 
2015 1235 1238 1662 
2016 1122 832 1727 
2017 512 493 664 
2018 1151 1148 1693 
2019 480 483 490 
2020 1019 499 1659 
2021 371 355 372 
2022 1528 1525 1531 
2023 604 1568 1707 
2024 914 769 1663 
2025 149 148 305 
2026 668 667 768 
2027 1459 1224 1460 
2028 649 1126 1697 
2029 1614 1616 1617 
2030 148 147 1675 
2031 378 369 1669 
2032 752 937 942 
2033 466 465 467 
2034 819 817 1725 
2035 344 371 1640 
2036 441 440 442 
2037 623 585 1644 
2038 1022 839 1725 
2039 382 383 384 
2040 443 442 445 
2041 934 1194 1737 
2042 1073 1130 1205 
2043 816 817 818 
2044 380 381 382 
2045 587 588 589 
2046 710 909 1701 
2047 608 1072 1726 
2048 860 667 1641 
2049 1241 1242 1245 
2050 1479 1481 1486 
2051 587 547 588 
2052 608 624 1072 
2053 999 1305 1306 
2054 836 861 933 
2055 929 845 1117 
2056 936 906 989 
2057 370 378 379 
2058 681 679 835 
2059 515 526 527 
2060 457 459 646 
2061 673 836 1688 
2062 1508 1509 1530 
2063 1551 860 1641 
2064 55 54 398 
2065 594 671 1656 
2066 800 802 1727 
2067 666 650 698 
2068 1310 1170 1311 
2069 1558 1559 1560 
2070 94 93 580 
2071 98 97 581 
2072 747 706 1633 
2073 769 768 1663 
2074 1481 1482 1483 
2075 90 89 579 
2076 1101 1026 1677 
2077 374 372 563 
2078 611 612 613 
2079 1267 1265 1277 
2080 1034 939 1707 
2081 1262 1264 1265 
2082 374 563 1612 
2083 1067 883 1649 
2084 936 989 1108 
2085 981 1023 1089 
2086 836 933 1024 
2087 836 672 861 
2088 1266 1265 1267 
2089 811 810 812 
2090 727 728 729 
2091 965 1052 1053 
2092 76 77 688 
2093 756 757 758 
2094 762 760 763 
2095 616 558 1717 
2096 1655 528 1715 
2097 804 806 807 
2098 1058 1057 1059 
2099 1030 944 1684 
2100 356 361 380 
2101 371 1604 1640 
2102 498 506 1639 
2103 909 908 979 
2104 359 360 362 
2105 445 442 1659 
2106 1242 1239 1243 
2107 1243 1239 1679 
2108 984 1122 1123 
2109 493 424 1643 
2110 18 19 406 
2111 1239 1237 1679 
2112 508 1786 1787 
2113 666 710 1701 
2114 904 1206 1207 
2115 672 571 1700 
2116 357 365 1738 
2117 813 812 814 
2118 389 393 409 
2119 631 1394 1395 
2120 1099 1098 1208 
2121 1237 1246 1679 
2122 449 481 1650 
2123 1235 1237 1238 
2124 461 463 575 
2125 879 1567 1719 
2126 499 445 1659 
2127 539 522 544 
2128 337 338 344 
2129 904 1190 1206 
2130 1262 1265 1266 
2131 710 908 909 
2132 1683 1623 1782 
2133 238 239 312 
2134 330 333 334 
2135 376 377 389 
2136 1024 933 1181 
2137 1089 1090 1274 
2138 661 576 662 
2139 916 1027 1102 
2140 588 547 1697 
2141 1039 1040 1041 
2142 1110 989 1281 
2143 77 78 1399 
2144 758 760 762 
2145 1242 1243 1244 
2146 1261 1258 1562 
2147 1113 1006 1313 
2148 541 417 1761 
2149 1058 1059 1060 
2150 362 363 367 
2151 749 610 754 
2152 1664 837 1688 
2153 1416 1022 1725 
2154 1613 563 1614 
2155 733 702 838 
2156 344 345 355 
2157 572 673 674 
2158 1570 1030 1754 
2159 1414 1723 1800 
2160 527 526 571 
2161 631 1395 1396 
2162 772 771 773 
2163 836 1024 1688 
2164 903 838 904 
2165 367 368 376 
2166 770 769 771 
2167 1104 927 1448 
2168 1241 1239 1242 
2169 423 414 424 
2170 1109 1303 1304 
2171 984 1123 1682 
2172 1237 1236 1246 
2173 1109 1108 1303 
2174 439 441 532 
2175 1656 732 1712 
2176 622 700 701 
2177 1095 1044 1096 
2178 449 422 481 
2179 1521 1523 1524 
2180 1524 1523 1525 
2181 57 56 654 
2182 305 148 1675 
2183 668 769 770 
2184 365 369 370 
2185 460 458 1657 
2186 572 571 672 
2187 570 568 1635 
2188 837 675 1688 
2189 1028 861 1029 
2190 701 700 702 
2191 548 512 549 
2192 498 445 499 
2193 793 792 799 
2194 337 332 338 
2195 1126 666 1701 
2196 1238 1239 1241 
2197 513 547 587 
2198 887 743 981 
2199 903 904 1702 
2200 673 672 836 
2201 933 861 1028 
2202 646 459 1686 
2203 685 686 1753 
2204 748 906 936 
2205 547 550 1697 
2206 963 1056 1757 
2207 1270 1119 1347 
2208 674 673 675 
2209 1614 1615 1616 
2210 575 576 661 
2211 589 668 1678 
2212 774 773 775 
2213 515 497 516 
2214 1304 1303 1308 
2215 783 782 784 
2216 1238 1237 1239 
2217 626 734 735 
2218 649 666 1126 
2219 127 126 399 
2220 594 1656 1715 
2221 844 956 957 
2222 1024 1181 1182 
2223 1233 1235 1662 
2224 1623 479 1782 
2225 531 507 1638 
2226 666 698 710 
2227 1205 1130 1289 
2228 990 903 1702 
2229 507 498 1639 
2230 515 516 526 
2231 1244 1243 1247 
2232 571 526 1655 
2233 587 589 960 
2234 431 433 1666 
2235 199 198 691 
2236 1721 960 1749 
2237 1082 1075 1083 
2238 1549 1196 1550 
2239 191 8 320 
2240 970 1576 1577 
2241 872 874 1743 
2242 936 1108 1109 
2243 1111 1006 1113 
2244 1194 1549 1737 
2245 951 950 968 
2246 165 164 1673 
2247 543 561 585 
2248 815 814 816 
2249 664 493 1643 
2250 1712 1029 1764 
2251 940 943 1002 
2252 1031 353 1738 
2253 1717 545 1744 
2254 359 349 360 
2255 1072 624 1073 
2256 609 621 622 
2257 792 789 1756 
2258 1235 1236 1237 
2259 971 612 1720 
2260 729 730 952 
2261 871 1049 1050 
2262 1037 1747 1756 
2263 1481 1480 1482 
2264 1291 990 1702 
2265 1467 1463 1731 
2266 1874 1485 1893 
2267 1077 1224 1459 
2268 532 441 1605 
2269 1465 1463 1466 
2270 677 675 837 
2271 1024 1664 1688 
2272 433 435 533 
2273 840 972 973 
2274 922 1185 1716 
2275 497 1650 1689 
2276 1183 1184 1215 
2277 355 345 1748 
2278 1524 1525 1528 
2279 573 625 626 
2280 825 848 1039 
2281 527 572 1694 
2282 1050 1057 1058 
2283 1290 990 1291 
2284 904 838 1190 
2285 366 418 854 
2286 486 424 493 
2287 1020 1593 1661 
2288 344 338 345 
2289 349 342 1680 
2290 370 369 378 
2291 572 672 673 
2292 527 571 572 
2293 701 702 733 
2294 818 819 820 
2295 753 604 1707 
2296 1615 355 1748 
2297 526 528 1655 
2298 528 529 543 
2299 776 775 777 
2300 1689 1650 1690 
2301 461 575 1686 
2302 710 698 842 
2303 1020 1159 1593 
2304 1653 494 1721 
2305 1715 1656 1764 
2306 622 699 700 
2307 362 656 1768 
2308 330 329 333 
2309 578 610 690 
2310 813 814 815 
2311 1024 1182 1664 
2312 369 364 1668 
2313 429 431 642 
2314 733 838 903 
2315 1004 1170 1310 
2316 811 812 813 
2317 965 1053 1739 
2318 1479 1480 1481 
2319 1512 1510 1624 
2320 1614 563 1615 
2321 973 1191 1292 
2322 808 810 811 
2323 1648 1531 1838 
2324 356 380 1685 
2325 874 877 1051 
2326 20 21 1573 
2327 861 672 1700 
2328 910 978 1100 
2329 822 1020 1661 
2330 533 435 1632 
2331 520 560 578 
2332 960 589 1678 
2333 1266 1267 1268 
2334 465 462 1734 
2335 826 823 827 
2336 828 827 830 
2337 953 952 1006 
2338 1099 1208 1209 
2339 571 1655 1700 
2340 566 607 608 
2341 342 336 659 
2342 613 612 614 
2343 749 754 844 
2344 594 623 671 
2345 1050 1049 1057 
2346 904 1207 1702 
2347 899 1009 1733 
2348 197 196 396 
2349 459 461 1686 
2350 797 795 1589 
2351 668 770 1678 
2352 494 513 1721 
2353 609 607 621 
2354 516 497 1689 
2355 820 822 823 
2356 694 559 1726 
2357 1482 1480 1487 
2358 610 560 1750 
2359 953 1006 1111 
2360 1148 1147 1693 
2361 887 981 1080 
2362 1632 437 1691 
2363 873 866 1000 
2364 1039 848 1040 
2365 535 556 586 
2366 794 796 1722 
2367 477 475 536 
2368 365 364 369 
2369 681 835 1762 
2370 346 356 1685 
2371 565 558 616 
2372 939 753 1707 
2373 462 460 1734 
2374 361 359 1768 
2375 425 444 1731 
2376 865 872 1038 
2377 608 607 609 
2378 770 771 772 
2379 339 346 867 
2380 1516 1512 1624 
2381 524 567 1692 
2382 748 936 1723 
2383 735 850 851 
2384 755 662 756 
2385 1073 1129 1130 
2386 408 451 491 
2387 750 690 1706 
2388 772 773 774 
2389 1240 1233 1662 
2390 690 749 1706 
2391 353 354 357 
2392 566 565 606 
2393 608 609 624 
2394 1025 747 1633 
2395 905 903 990 
2396 128 127 1713 
2397 437 439 1691 
2398 1607 394 1760 
2399 1653 1721 1749 
2400 526 516 528 
2401 938 753 939 
2402 849 777 869 
2403 1088 1131 1132 
2404 622 701 1724 
2405 1136 964 1137 
2406 614 612 971 
2407 733 903 905 
2408 559 566 1726 
2409 1268 1267 1269 
2410 1473 1475 1476 
2411 729 952 953 
2412 513 587 1721 
2413 1476 1477 1479 
2414 871 964 1049 
2415 823 822 1661 
2416 713 715 847 
2417 566 606 607 
2418 839 819 1725 
2419 707 748 1124 
2420 335 339 1699 
2421 1029 861 1700 
2422 992 1084 1272 
2423 357 358 364 
2424 905 990 1142 
2425 506 499 514 
2426 699 621 743 
2427 772 774 962 
2428 1086 1087 1088 
2429 1073 624 1129 
2430 749 970 1706 
2431 622 621 699 
2432 816 818 824 
2433 423 424 486 
2434 709 598 1769 
2435 856 834 857 
2436 1724 701 1765 
2437 725 727 954 
2438 1152 1154 1155 
2439 524 514 525 
2440 1142 990 1290 
2441 129 128 693 
2442 1112 1111 1307 
2443 743 621 1698 
2444 1085 1167 1275 
2445 671 705 731 
2446 535 534 555 
2447 1110 1281 1282 
2448 952 730 1711 
2449 1480 1477 1740 
2450 936 1109 1723 
2451 711 684 1762 
2452 1233 1135 1234 
2453 661 755 871 
2454 460 1657 1734 
2455 953 1111 1112 
2456 1108 989 1110 
2457 342 659 1680 
2458 469 467 1705 
2459 546 559 694 
2460 246 247 347 
2461 384 391 392 
2462 1476 1475 1477 
2463 1009 1007 1115 
2464 166 165 695 
2465 364 366 1668 
2466 1285 1083 1286 
2467 215 216 348 
2468 774 775 776 
2469 820 823 825 
2470 1145 1146 1818 
2471 803 800 1727 
2472 871 755 964 
2473 479 477 1782 
2474 1680 659 1681 
2475 710 842 908 
2476 755 756 1729 
2477 883 966 1649 
2478 1479 1477 1480 
2479 607 606 1698 
2480 811 813 846 
2481 362 360 363 
2482 587 960 1721 
2483 661 662 755 
2484 524 551 567 
2485 957 956 1118 
2486 480 479 483 
2487 1075 885 1761 
2488 127 399 1713 
2489 551 568 570 
2490 1049 964 1136 
2491 982 983 1085 
2492 1235 1234 1236 
2493 495 425 1731 
2494 6 736 1086 
2495 984 832 1122 
2496 1064 1010 1330 
2497 719 721 853 
2498 841 934 1737 
2499 1106 1033 1214 
2500 559 565 566 
2501 1124 748 1723 
2502 357 364 365 
2503 523 505 1767 
2504 413 394 414 
2505 831 830 897 
2506 6 605 736 
2507 840 973 1709 
2508 887 1080 1081 
2509 27 28 651 
2510 1781 1681 1783 
2511 788 919 1037 
2512 413 414 423 
2513 29 30 319 
2514 139 138 318 
2515 854 418 1709 
2516 967 1063 1068 
2517 594 585 623 
2518 825 1039 1732 
2519 137 136 652 
2520 1144 1022 1416 
2521 367 363 368 
2522 1232 1233 1240 
2523 671 623 705 
2524 670 780 782 
2525 351 352 353 
2526 418 840 1709 
2527 843 868 889 
2528 1129 1724 1765 
2529 615 1014 1397 
2530 1233 1234 1235 
2531 621 607 1698 
2532 1477 1475 1478 
2533 1577 1576 1578 
2534 365 739 1738 
2535 334 333 343 
2536 467 465 863 
2537 865 1038 1773 
2538 25 26 317 
2539 376 368 377 
2540 217 638 1582 
2541 802 797 1589 
2542 392 391 407 
2543 1477 1478 1740 
2544 543 585 594 
2545 869 918 1125 
2546 758 762 1703 
2547 351 353 1031 
2548 908 842 910 
2549 684 681 1762 
2550 135 134 316 
2551 951 968 969 
2552 566 608 1726 
2553 1194 1196 1549 
2554 389 377 393 
2555 453 450 454 
2556 538 540 660 
2557 991 987 1098 
2558 511 493 512 
2559 923 781 924 
2560 1123 1122 1599 
2561 1160 926 1746 
2562 702 700 703 
2563 833 792 1756 
2564 1040 848 1047 
2565 1037 1176 1177 
2566 458 456 564 
2567 518 519 520 
2568 609 622 1724 
2569 776 849 965 
2570 1786 1408 1787 
2571 1457 427 1796 
2572 593 669 670 
2573 965 1010 1052 
2574 776 777 849 
2575 700 699 1759 
2576 764 763 925 
2577 905 1142 1779 
2578 871 1050 1745 
2579 439 532 1691 
2580 699 743 887 
2581 1183 921 1184 
2582 1135 1134 1718 
2583 1174 1157 1499 
2584 471 469 537 
2585 615 562 1014 
2586 824 818 1732 
2587 498 499 506 
2588 509 521 542 
2589 1700 1655 1764 
2590 366 854 1668 
2591 825 826 848 
2592 964 755 1729 
2593 1122 1727 1778 
2594 864 1781 1783 
2595 423 486 487 
2596 796 829 1722 
2597 559 558 565 
2598 360 349 1680 
2599 1137 964 1729 
2600 825 823 826 
2601 336 334 1710 
2602 1342 1343 1344 
2603 784 782 920 
2604 1040 1047 1114 
2605 1166 1201 1219 
2606 433 533 1666 
2607 212 213 502 
2608 560 519 653 
2609 733 905 1765 
2610 756 758 1703 
2611 1155 1156 1158 
2612 756 1703 1729 
2613 801 804 1780 
2614 1407 1408 1803 
2615 368 363 864 
2616 863 465 1734 
2617 1166 1100 1201 
2618 826 827 828 
2619 1473 1474 1475 
2620 642 431 1666 
2621 693 128 1713 
2622 740 705 1695 
2623 1129 624 1724 
2624 762 763 764 
2625 894 893 987 
2626 548 549 591 
2627 1635 779 1879 
2628 1064 1330 1331 
2629 347 1439 1441 
2630 1634 1653 1749 
2631 772 962 1736 
2632 1471 1469 1472 
2633 844 754 956 
2634 408 407 421 
2635 883 884 966 
2636 789 788 1756 
2637 1112 1307 1329 
2638 788 786 919 
2639 590 531 1638 
2640 669 591 1758 
2641 562 523 1767 
2642 965 849 1010 
2643 1052 1010 1064 
2644 708 709 745 
2645 889 890 985 
2646 1081 1080 1210 
2647 780 669 781 
2648 339 867 1699 
2649 697 690 750 
2650 754 610 1750 
2651 451 421 452 
2652 613 614 767 
2653 1473 1472 1474 
2654 867 346 1685 
2655 1096 1044 1735 
2656 500 509 1742 
2657 820 825 1732 
2658 818 820 1732 
2659 1119 1118 1676 
2660 849 869 1751 
2661 1678 770 1736 
2662 1487 1480 1740 
2663 874 1051 1743 
2664 1334 1273 1336 
2665 1686 575 1745 
2666 910 1100 1166 
2667 1404 1401 1837 
2668 509 501 510 
2669 1176 919 1178 
2670 500 452 501 
2671 953 1112 1741 
2672 828 830 831 
2673 731 705 740 
2674 1372 1075 1761 
2675 496 515 1797 
2676 1347 1119 1676 
2677 1114 1314 1319 
2678 1655 1715 1764 
2679 885 541 1761 
2680 1062 1802 1804 
2681 1468 1469 1470 
2682 1466 1467 1468 
2683 393 394 413 
2684 1471 1472 1473 
2685 659 336 1710 
2686 393 377 394 
2687 539 544 1744 
2688 907 955 988 
2689 334 343 1710 
2690 486 493 511 
2691 962 774 1739 
2692 1286 1083 1784 
2693 1232 1135 1233 
2694 923 1162 1163 
2695 770 772 1736 
2696 966 884 967 
2697 508 483 534 
2698 490 483 508 
2699 745 1036 1728 
2700 1116 1273 1334 
2701 670 669 780 
2702 624 609 1724 
2703 735 851 865 
2704 767 614 893 
2705 729 953 1741 
2706 1767 505 1787 
2707 1783 1127 1822 
2708 708 598 709 
2709 780 781 923 
2710 960 1678 1775 
2711 1234 1135 1718 
2712 1333 1332 1792 
2713 1599 1122 1778 
2714 985 986 1145 
2715 1029 1700 1764 
2716 1470 1469 1471 
2717 1176 1178 1216 
2718 764 926 963 
2719 467 863 1705 
2720 727 729 1741 
2721 359 362 1768 
2722 593 591 669 
2723 509 542 1742 
2724 500 501 509 
2725 767 894 1776 
2726 535 586 1786 
2727 938 939 940 
2728 392 407 408 
2729 980 1211 1226 
2730 245 246 1791 
2731 1032 711 1762 
2732 1083 1372 1784 
2733 782 780 1763 
2734 546 558 559 
2735 943 941 944 
2736 695 165 1673 
2737 1110 1282 1284 
2738 1037 919 1176 
2739 1115 1318 1338 
2740 408 421 451 
2741 508 534 535 
2742 745 746 907 
2743 959 751 976 
2744 940 939 941 
2745 451 452 500 
2746 548 591 593 
2747 869 1125 1751 
2748 458 564 1657 
2749 578 690 697 
2750 699 887 1759 
2751 1054 926 1160 
2752 1407 1014 1408 
2753 774 776 1739 
2754 1891 570 1896 
2755 1042 1043 1121 
2756 1605 1554 1820 
2757 1638 507 1639 
2758 843 602 868 
2759 881 882 883 
2760 521 510 522 
2761 1622 1749 1775 
2762 915 711 1032 
2763 967 1008 1063 
2764 509 510 521 
2765 746 709 1837 
2766 535 555 556 
2767 511 512 548 
2768 1408 1786 1803 
2769 686 713 1753 
2770 899 900 1007 
2771 546 545 558 
2772 740 1695 1696 
2773 661 871 1745 
2774 991 1098 1099 
2775 776 965 1739 
2776 540 545 546 
2777 956 754 1045 
2778 701 733 1765 
2779 1114 1047 1314 
2780 1749 960 1775 
2781 1215 1184 1227 
2782 831 898 899 
2783 963 1054 1055 
2784 949 948 950 
2785 1116 1095 1273 
2786 1617 1616 1771 
2787 586 556 598 
2788 1754 1684 1798 
2789 799 833 834 
2790 506 524 1692 
2791 970 1577 1706 
2792 506 514 524 
2793 575 661 1745 
2794 1727 802 1778 
2795 902 993 1042 
2796 1710 1584 1774 
2797 954 727 1741 
2798 799 792 833 
2799 967 884 1008 
2800 456 454 1730 
2801 1037 1177 1747 
2802 1828 1478 1829 
2803 368 864 1760 
2804 1083 1075 1372 
2805 889 868 890 
2806 900 898 901 
2807 1330 1010 1751 
2808 1774 1584 1802 
2809 1397 1014 1407 
2810 1315 1008 1317 
2811 1468 1467 1469 
2812 784 920 1752 
2813 1466 1463 1467 
2814 890 868 1035 
2815 857 834 912 
2816 693 1713 1714 
2817 786 784 1752 
2818 1010 849 1751 
2819 311 232 1374 
2820 788 1037 1756 
2821 1163 1162 1217 
2822 524 525 551 
2823 1765 905 1779 
2824 538 522 539 
2825 920 782 1763 
2826 1063 1315 1316 
2827 503 1596 1849 
2828 490 508 1787 
2829 1524 1528 1770 
2830 363 360 1781 
2831 343 450 453 
2832 945 944 946 
2833 382 384 557 
2834 902 901 992 
2835 923 924 1162 
2836 540 539 545 
2837 887 1081 1759 
2838 1467 1731 1799 
2839 1795 1058 1805 
2840 518 517 519 
2841 831 897 898 
2842 894 987 991 
2843 427 429 1796 
2844 1681 659 1774 
2845 804 807 1780 
2846 894 991 1097 
2847 1745 1050 1795 
2848 518 520 741 
2849 370 379 1812 
2850 764 925 926 
2851 538 539 540 
2852 1469 1467 1799 
2853 925 980 1746 
2854 377 368 1760 
2855 1062 1128 1802 
2856 360 1680 1781 
2857 521 522 538 
2858 320 8 517 
2859 1115 1007 1318 
2860 1050 1058 1795 
2861 659 1710 1774 
2862 703 700 1759 
2863 505 490 1787 
2864 1014 562 1767 
2865 1793 740 1811 
2866 537 469 1705 
2867 1063 1008 1315 
2868 1150 1152 1789 
2869 570 1892 1896 
2870 1703 762 1757 
2871 1030 1684 1754 
2872 68 67 1826 
2873 1046 1095 1116 
2874 899 898 900 
2875 751 708 1728 
2876 880 878 1003 
2877 985 890 986 
2878 947 946 948 
2879 883 882 884 
2880 781 669 1758 
2881 1060 1804 1805 
2882 1129 1765 1779 
2883 1152 1155 1789 
2884 745 907 1036 
2885 626 735 1773 
2886 1227 1184 1228 
2887 767 893 894 
2888 1130 1129 1779 
2889 560 653 1750 
2890 1723 1109 1800 
2891 713 847 1753 
2892 780 923 1763 
2893 53 52 655 
2894 992 1272 1735 
2895 1045 754 1750 
2896 1680 1681 1781 
2897 1043 993 1044 
2898 940 941 943 
2899 1138 969 1139 
2900 1439 1440 1442 
2901 982 859 983 
2902 1686 1745 1795 
2903 1442 1440 1443 
2904 923 1163 1763 
2905 343 333 450 
2906 1042 993 1043 
2907 1133 1135 1232 
2908 1149 1148 1150 
2909 1515 1514 1819 
2910 872 873 874 
2911 1621 1622 1815 
2912 865 851 866 
2913 1708 626 1773 
2914 545 539 1744 
2915 1678 1736 1775 
2916 731 740 1793 
2917 762 764 1757 
2918 902 992 993 
2919 620 598 708 
2920 735 865 1773 
2921 900 901 902 
2922 864 363 1781 
2923 1047 848 1794 
2924 879 880 881 
2925 407 419 1844 
2926 394 377 1760 
2927 874 875 877 
2928 1731 444 1799 
2929 454 450 665 
2930 865 866 872 
2931 947 949 1005 
2932 764 963 1757 
2933 602 590 1772 
2934 963 926 1054 
2935 1054 1160 1161 
2936 919 786 1752 
2937 1684 1034 1798 
2938 520 578 1766 
2939 1812 1598 1846 
2940 862 1874 1893 
2941 527 1694 1797 
2942 1813 1658 1816 
2943 943 944 945 
2944 1757 1056 1806 
2945 477 536 1782 
2946 1178 919 1752 
2947 949 950 951 
2948 915 1032 1033 
2949 1133 1132 1134 
2950 708 745 1728 
2951 1408 1014 1767 
2952 807 808 1810 
2953 1034 1683 1798 
2954 1343 318 1827 
2955 190 4 1350 
2956 214 215 1704 
2957 556 603 1769 
2958 210 211 765 
2959 877 878 879 
2960 646 1686 1795 
2961 1612 1613 1816 
2962 1133 1134 1135 
2963 1639 1692 1824 
2964 1613 1828 1829 
2965 980 1226 1746 
2966 1161 1160 1213 
2967 1046 1044 1095 
2968 1614 1617 1828 
2969 1804 1652 1805 
2970 868 602 1772 
2971 1401 1018 1837 
2972 921 731 1793 
2973 1043 1044 1046 
2974 1085 983 1167 
2975 872 866 873 
2976 536 475 1807 
2977 1802 663 1804 
2978 590 1638 1772 
2979 874 873 875 
2980 515 527 1797 
2981 646 1795 1805 
2982 137 652 1827 
2983 828 1733 1794 
2984 993 992 1735 
2985 1035 868 1772 
2986 848 826 1794 
2987 248 249 1834 
2988 578 697 1766 
2989 564 456 1730 
2990 881 880 882 
2991 1776 1097 1777 
2992 1531 1525 1838 
2993 811 846 1810 
2994 1333 1840 1862 
2995 894 1097 1776 
2996 519 517 1831 
2997 951 969 1138 
2998 1033 1032 1107 
2999 741 520 1766 
3000 1792 576 1840 
3001 826 828 1794 
3002 429 642 1796 
3003 318 138 1827 
3004 1146 1149 1818 
3005 576 463 1840 
3006 1058 1060 1805 
3007 444 1658 1813 
3008 1109 1304 1800 
3009 926 925 1746 
3010 1584 663 1802 
3011 1408 1767 1787 
3012 1799 444 1813 
3013 320 517 518 
3014 1349 1843 1894 
3015 1229 1150 1789 
3016 945 946 947 
3017 1275 1167 1276 
3018 1652 646 1805 
3019 1740 1478 1830 
3020 1859 1059 1865 
3021 1754 536 1807 
3022 1771 739 1846 
3023 1137 1729 1806 
3024 1032 1762 1809 
3025 1149 1150 1229 
3026 947 948 949 
3027 1474 1813 1816 
3028 215 348 1704 
3029 1184 921 1793 
3030 1643 1859 1865 
3031 1155 1158 1204 
3032 902 1042 1790 
3033 1471 1473 1825 
3034 454 665 1730 
3035 1146 986 1147 
3036 329 321 1048 
3037 1060 1062 1804 
3038 877 875 878 
3039 138 137 1827 
3040 1167 983 1168 
3041 508 535 1786 
3042 1088 1132 1133 
3043 511 1602 1814 
3044 663 1652 1804 
3045 976 751 1728 
3046 1472 1469 1799 
3047 1621 1815 1835 
3048 879 878 880 
3049 1318 1007 1790 
3050 1007 900 1790 
3051 1138 1139 1320 
3052 859 857 1801 
3053 1703 1757 1806 
3054 1047 1794 1823 
3055 1107 1032 1809 
3056 1044 993 1735 
3057 1363 404 1371 
3058 475 473 1807 
3059 532 1605 1847 
3060 1161 1213 1225 
3061 1729 1703 1806 
3062 1427 320 1821 
3063 1590 645 1870 
3064 1228 1793 1811 
3065 1822 1127 1854 
3066 1762 835 1809 
3067 1823 1009 1833 
3068 1146 1147 1148 
3069 347 247 1438 
3070 1145 986 1146 
3071 1830 1617 1846 
3072 1155 1204 1789 
3073 1146 1148 1149 
3074 486 511 1814 
3075 857 912 1801 
3076 1039 1041 1852 
3077 333 329 1785 
3078 1228 1184 1793 
3079 1475 1474 1829 
3080 1786 586 1803 
3081 900 902 1790 
3082 598 556 1769 
3083 1773 1038 1820 
3084 1479 1486 1845 
3085 983 859 1801 
3086 1314 1823 1833 
3087 1049 1136 1839 
3088 1472 1799 1813 
3089 890 1035 1788 
3090 645 1620 1863 
3091 1149 1229 1230 
3092 1121 1043 1836 
3093 808 811 1810 
3094 739 370 1812 
3095 549 1842 1851 
3096 347 1438 1439 
3097 1065 1498 1890 
3098 1066 1065 1898 
3099 512 664 1842 
3100 1775 1736 1815 
3101 1147 986 1788 
3102 986 890 1788 
3103 1605 1820 1847 
3104 1313 1006 1856 
3105 1635 1879 1892 
3106 845 600 1853 
3107 229 230 635 
3108 1514 1529 1819 
3109 487 486 1814 
3110 1570 1754 1807 
3111 1794 1733 1823 
3112 1708 1773 1820 
3113 464 466 1862 
3114 1498 1569 1880 
3115 1519 1521 1860 
3116 740 1696 1811 
3117 1478 1475 1829 
3118 1772 1638 1824 
3119 1566 1519 1860 
3120 393 413 1841 
3121 485 1590 1882 
3122 1736 962 1815 
3123 1692 567 1848 
3124 952 1711 1856 
3125 1739 1053 1835 
3126 1622 1775 1815 
3127 815 816 1857 
3128 532 1847 1869 
3129 1168 983 1801 
3130 1607 1760 1822 
3131 1474 1472 1813 
3132 1439 1438 1440 
3133 570 1635 1892 
3134 678 680 1864 
3135 1760 864 1822 
3136 884 882 1850 
3137 1035 1772 1824 
3138 864 1783 1822 
3139 592 1851 1868 
3140 450 333 1785 
3141 1658 1612 1816 
3142 1842 1136 1851 
3143 1127 1061 1854 
3144 1613 1614 1828 
3145 329 1048 1785 
3146 1554 1708 1820 
3147 778 928 1867 
3148 1733 1009 1823 
3149 1478 1828 1830 
3150 1815 962 1835 
3151 1023 1698 1871 
3152 1691 1869 1878 
3153 1607 1822 1854 
3154 1899 1657 1905 
3155 956 1045 1843 
3156 1473 1476 1825 
3157 1345 1346 1832 
3158 1402 1405 1911 
3159 1317 1008 1850 
3160 1693 1884 1891 
3161 1314 1047 1823 
3162 1828 1617 1830 
3163 1854 1061 1859 
3164 471 537 1855 
3165 320 518 1821 
3166 67 876 1826 
3167 653 519 1831 
3168 1816 1613 1829 
3169 1061 1059 1859 
3170 1056 1055 1858 
3171 1824 1692 1848 
3172 1486 1481 1874 
3173 1335 1871 1881 
3174 1474 1816 1829 
3175 1638 1639 1824 
3176 1018 746 1837 
3177 779 1606 1879 
3178 1825 1476 1845 
3179 665 450 1785 
3180 1009 1115 1833 
3181 1590 1870 1882 
3182 549 512 1842 
3183 824 1732 1852 
3184 924 781 1873 
3185 1333 1792 1840 
3186 1524 1770 1860 
3187 1525 1526 1838 
3188 1693 1147 1884 
3189 518 741 1821 
3190 249 503 1834 
3191 1365 875 1929 
3192 1877 1161 1885 
3193 645 1863 1870 
3194 463 464 1840 
3195 962 1739 1835 
3196 409 393 1841 
3197 945 947 1928 
3198 1807 473 1855 
3199 1057 1049 1839 
3200 485 1882 1886 
3201 1691 532 1869 
3202 688 77 1399 
3203 664 1643 1865 
3204 246 347 1791 
3205 1043 1046 1836 
3206 1606 1174 1879 
3207 1063 1316 1872 
3208 846 813 1875 
3209 1149 1230 1818 
3210 606 565 1881 
3211 1839 1136 1842 
3212 1118 956 1843 
3213 347 1441 1791 
3214 1820 1038 1847 
3215 1066 1898 1899 
3216 592 549 1851 
3217 664 1839 1842 
3218 1476 1479 1845 
3219 850 999 1883 
3220 1038 1743 1847 
3221 1835 1053 1863 
3222 1570 1807 1855 
3223 1356 1355 1927 
3224 1132 1131 1887 
3225 1330 1751 1866 
3226 1045 1876 1894 
3227 1035 1824 1848 
3228 1858 1055 1873 
3229 1858 592 1868 
3230 1136 1137 1851 
3231 1869 1051 1878 
3232 517 8 892 
3233 1065 1890 1898 
3234 473 471 1855 
3235 1617 1771 1846 
3236 1057 1839 1865 
3237 1851 1137 1868 
3238 577 1607 1854 
3239 1117 845 1853 
3240 1495 723 1914 
3241 577 1854 1859 
3242 1732 1039 1852 
3243 1621 1835 1863 
3244 1488 717 1903 
3245 1008 884 1850 
3246 1006 952 1856 
3247 674 676 1893 
3248 816 824 1857 
3249 1498 1880 1890 
3250 1151 1693 1896 
3251 1839 664 1865 
3252 1483 1485 1874 
3253 1758 592 1858 
3254 1643 577 1859 
3255 419 1817 1844 
3256 1521 1524 1860 
3257 1826 876 1906 
3258 1915 876 1916 
3259 466 485 1862 
3260 1620 1621 1863 
3261 1054 1161 1877 
3262 680 683 1864 
3263 1059 1057 1865 
3264 1788 1035 1848 
3265 1045 1750 1876 
3266 1493 1917 1921 
3267 1836 1046 1861 
3268 1847 1743 1869 
3269 1046 1116 1861 
3270 1454 1455 1920 
3271 517 892 1831 
3272 1855 537 1880 
3273 1131 1087 1894 
3274 924 1873 1877 
3275 928 1180 1867 
3276 1862 485 1886 
3277 1360 1359 1927 
3278 1751 1125 1866 
3279 1493 954 1917 
3280 1051 1719 1878 
3281 1454 1920 1923 
3282 551 570 1891 
3283 1417 323 1904 
3284 1316 1417 1904 
3285 1053 1052 1870 
3286 1698 606 1871 
3287 1758 1858 1873 
3288 1833 1115 1888 
3289 1834 503 1849 
3290 1863 1053 1870 
3291 1912 665 1913 
3292 1137 1806 1868 
3293 323 331 1904 
3294 1056 1858 1868 
3295 1068 1063 1872 
3296 1481 1483 1874 
3297 1743 1051 1869 
3298 1455 1796 1908 
3299 1640 1604 1926 
3300 1734 1657 1899 
3301 924 1877 1885 
3302 1354 1922 1928 
3303 813 815 1875 
3304 1750 653 1876 
3305 1870 1052 1882 
3306 717 719 1903 
3307 1806 1056 1868 
3308 1848 567 1884 
3309 1569 1570 1880 
3310 1923 1068 1924 
3311 1632 1691 1878 
3312 1884 567 1891 
3313 1131 1876 1887 
3314 313 58 1909 
3315 781 1758 1873 
3316 1055 1054 1877 
3317 653 1831 1887 
3318 1570 1855 1880 
3319 1876 1131 1894 
3320 999 1306 1883 
3321 1878 1719 1889 
3322 57 654 1909 
3323 1174 1499 1879 
3324 1632 1878 1889 
3325 565 616 1881 
3326 55 398 1910 
3327 654 56 1910 
3328 1831 892 1897 
3329 1052 1064 1882 
3330 1873 1055 1877 
3331 1882 1064 1886 
3332 1118 1843 1900 
3333 1892 1153 1896 
3334 1499 1153 1892 
3335 1162 924 1885 
3336 723 725 1914 
3337 1064 1331 1886 
3338 1066 1899 1905 
3339 1879 1499 1892 
3340 1719 1567 1889 
3341 1354 1353 1918 
3342 533 1632 1889 
3343 1161 1225 1885 
3344 1880 537 1890 
3345 1788 1848 1884 
3346 1115 1338 1888 
3347 66 65 1916 
3348 1147 1788 1884 
3349 1141 1912 1913 
3350 1567 1067 1895 
3351 676 862 1893 
3352 567 551 1891 
3353 537 1705 1890 
3354 1843 1349 1900 
3355 1112 1329 1917 
3356 1153 1151 1896 
3357 1497 1491 1921 
3358 1666 533 1895 
3359 1843 1045 1894 
3360 533 1889 1895 
3361 1604 554 1924 
3362 967 1068 1923 
3363 938 940 1919 
3364 1890 1705 1898 
3365 1067 1649 1902 
3366 954 1741 1917 
3367 1705 863 1898 
3368 1889 1567 1895 
3369 1876 653 1887 
3370 943 945 1922 
3371 1134 1132 1897 
3372 1895 1067 1902 
3373 1666 1895 1902 
3374 1902 1649 1908 
3375 1898 863 1899 
3376 863 1734 1899 
3377 665 1785 1913 
3378 1887 1831 1897 
3379 1905 564 1907 
3380 1657 564 1905 
3381 1320 1139 1915 
3382 1676 1118 1900 
3383 949 951 1925 
3384 1545 1066 1905 
3385 642 1666 1902 
3386 1406 1071 1933 
3387 719 853 1903 
3388 331 855 1904 
3389 1906 876 1915 
3390 1545 1905 1907 
3391 642 1902 1908 
3392 1141 1140 1912 
3393 1140 1545 1907 
3394 1048 1826 1906 
3395 1139 1141 1915 
3396 58 57 1909 
3397 1796 642 1908 
3398 564 1730 1907 
3399 56 55 1910 
3400 1403 1402 1911 
3401 1604 1924 1926 
3402 1132 1887 1897 
3403 1907 1730 1912 
3404 1455 1908 1920 
3405 1140 1907 1912 
3406 875 873 1929 
3407 1730 665 1912 
3408 1454 1923 1924 
3409 725 954 1914 
3410 1785 1048 1913 
3411 1353 1357 1918 
3412 314 1369 1930 
3413 876 66 1916 
3414 1741 1112 1917 
3415 1071 938 1919 
3416 110 111 1932 
3417 1649 966 1920 
3418 1920 966 1923 
3419 1002 943 1922 
3420 1491 1493 1921 
3421 966 967 1923 
3422 554 1454 1924 
3423 1141 1906 1915 
3424 1005 949 1925 
3425 1908 1649 1920 
3426 1359 1356 1927 
3427 1048 1906 1913 
3428 1906 1141 1913 
3429 1922 945 1928 
3430 1068 1872 1926 
3431 1924 1068 1926 
3432 313 1909 1933 
3433 314 1930 1932 
3434 1534 1304 1931 
3435 1304 1308 1931 
3436 873 1000 1929 
3437 1909 1406 1933 
3438 405 1534 1931 
3439 111 314 1932 
3440 1358 313 1933 
3441 1956 1384 2148 
3442 1156 1172 1934 
3443 1158 1156 1934 
3444 557 1348 2067 
3445 202 201 1935 
3446 1197 1195 1937 
3447 201 341 1935 
3448 1352 1984 2160 
3449 1981 1682 2161 
3450 1982 1251 2159 
3451 1979 1186 2158 
3452 1382 1384 1956 
3453 1947 977 1961 
3454 1190 1287 1988 
3455 1287 1190 1989 
3456 660 1550 1992 
3457 1550 660 1993 
3458 694 1288 1994 
3459 1288 694 1995 
3460 854 1289 1999 
3461 412 1290 1998 
3462 1142 1670 2000 
3463 1962 1385 2153 
3464 1278 1016 1936 
3465 959 976 1936 
3466 396 1302 1959 
3467 1706 1577 1937 
3468 1576 1575 1938 
3469 1120 1271 1938 
3470 618 1586 2065 
3471 744 1644 1939 
3472 1645 1646 1939 
3473 1412 1410 2126 
3474 1934 1412 2126 
3475 1189 892 2154 
3476 102 1189 2154 
3477 1302 1301 1947 
3478 1189 1718 2144 
3479 1646 896 1940 
3480 1776 1777 1940 
3481 692 2029 2092 
3482 1581 1284 1942 
3483 87 86 1941 
3484 103 104 1942 
3485 252 253 1945 
3486 322 330 1944 
3487 335 1699 1944 
3488 1086 1088 1943 
3489 1133 1232 1943 
3490 209 210 1946 
3491 1633 977 1947 
3492 1299 888 1955 
3493 1016 959 1936 
3494 500 1742 1952 
3495 491 451 1952 
3496 636 1412 2001 
3497 1292 1072 2152 
3498 750 1706 1937 
3499 1575 1120 1938 
3500 340 1280 1976 
3501 1596 1595 1953 
3502 1695 1443 2096 
3503 1644 1645 1939 
3504 1937 1195 2110 
3505 80 81 1954 
3506 1293 635 2064 
3507 1246 1642 2066 
3508 888 1593 1955 
3509 907 988 1956 
3510 1302 1947 1961 
3511 1097 1588 1983 
3512 1410 1409 1957 
3513 634 1430 2057 
3514 1446 617 2058 
3515 1580 935 2059 
3516 72 73 1958 
3517 197 396 1959 
3518 691 198 1959 
3519 73 74 1960 
3520 627 1283 2088 
3521 655 1392 2087 
3522 1696 1695 2096 
3523 1301 1025 1947 
3524 1420 1421 1963 
3525 1096 1735 1965 
3526 384 392 1964 
3527 1224 1223 1963 
3528 1247 1243 1966 
3529 307 1588 1967 
3530 1674 397 1968 
3531 1419 312 1971 
3532 896 1776 1940 
3533 1036 1956 2148 
3534 595 1603 2055 
3535 1704 348 2054 
3536 1619 687 2056 
3537 1728 1036 1973 
3538 79 80 1974 
3539 988 1389 2150 
3540 635 1295 2094 
3541 935 87 1941 
3542 104 1581 1942 
3543 1088 1133 1943 
3544 766 252 1945 
3545 330 335 1944 
3546 210 765 1946 
3547 315 1298 1977 
3548 1386 169 1976 
3549 168 340 1976 
3550 641 226 1977 
3551 227 315 1977 
3552 1949 1187 2109 
3553 750 1937 2110 
3554 1443 1695 2095 
3555 1403 398 1978 
3556 1069 1070 1978 
3557 1025 1633 1947 
3558 1095 1096 1980 
3559 1223 1076 1981 
3560 1445 1249 1982 
3561 1248 1247 1984 
3562 1593 1159 1948 
3563 202 1935 2060 
3564 1172 1221 2001 
3565 1385 1386 2153 
3566 186 185 1950 
3567 13 14 1951 
3568 1287 987 1988 
3569 1098 1287 1990 
3570 614 971 1987 
3571 1190 838 1989 
3572 702 703 1989 
3573 1288 1192 1993 
3574 1550 1196 1991 
3575 538 660 1992 
3576 542 521 1992 
3577 1670 1669 1999 
3578 546 694 1994 
3579 1191 1288 1995 
3580 390 412 1998 
3581 660 540 1994 
3582 1549 1550 1993 
3583 481 422 1997 
3584 1690 1650 1996 
3585 1668 854 1999 
3586 1289 1130 2000 
3587 1779 1142 2000 
3588 451 500 1952 
3589 1500 765 2061 
3590 1311 1312 2032 
3591 1327 1326 2012 
3592 692 187 2026 
3593 32 401 2016 
3594 1218 1165 2002 
3595 1429 1428 2009 
3596 1101 1677 2008 
3597 1380 1351 2020 
3598 1555 1556 2009 
3599 1558 1560 2004 
3600 913 773 2005 
3601 15 553 2011 
3602 771 914 2005 
3603 1027 1212 2006 
3604 406 19 2007 
3605 20 1573 2007 
3606 317 26 2003 
3607 27 651 2003 
3608 909 979 2008 
3609 979 908 2010 
3610 910 1166 2010 
3611 401 33 2019 
3612 1211 1103 2014 
3613 1105 1327 2014 
3614 651 28 2013 
3615 29 319 2013 
3616 48 1094 2018 
3617 583 47 2018 
3618 319 30 2015 
3619 1458 1378 2025 
3620 1325 1324 2043 
3621 41 630 2022 
3622 304 40 2022 
3623 35 308 2021 
3624 37 633 2028 
3625 1213 1160 2017 
3626 308 36 2028 
3627 1379 1377 2024 
3628 1746 1226 2017 
3629 1164 1218 2012 
3630 1269 1267 2029 
3631 328 130 2031 
3632 912 834 2023 
3633 833 1747 2023 
3634 1175 1606 2033 
3635 129 693 2031 
3636 1220 1179 2032 
3637 1217 1162 2030 
3638 125 636 2035 
3639 399 126 2035 
3640 1542 1543 2036 
3641 1714 1713 2034 
3642 1222 1171 2036 
3643 133 643 2037 
3644 1169 1222 2038 
3645 1312 1170 2038 
3646 1342 1344 2043 
3647 718 911 2042 
3648 643 132 2039 
3649 131 328 2039 
3650 932 720 2042 
3651 316 134 2037 
3652 142 402 2045 
3653 135 316 2040 
3654 652 136 2040 
3655 1444 143 2045 
3656 714 1422 2044 
3657 911 716 2044 
3658 1437 309 2046 
3659 1395 1394 2047 
3660 153 385 2052 
3661 584 155 2053 
3662 1675 1433 2049 
3663 1183 1215 2051 
3664 1867 1180 2033 
3665 677 837 2050 
3666 835 679 2050 
3667 1343 1827 2041 
3668 1885 1225 2030 
3669 1091 1092 2054 
3670 1256 1259 2055 
3671 1562 1257 2056 
3672 1100 1202 2057 
3673 1654 1266 2058 
3674 1265 1264 2059 
3675 447 203 2060 
3676 1935 1230 2060 
3677 1229 1969 2157 
3678 212 502 2061 
3679 765 211 2061 
3680 695 1673 2062 
3681 696 1418 2063 
3682 1578 1742 1985 
3683 231 311 2064 
3684 635 230 2064 
3685 1238 1241 2065 
3686 1642 99 2066 
3687 98 581 2066 
3688 1685 380 2067 
3689 382 557 2067 
3690 627 194 2068 
3691 193 998 2068 
3692 1285 1286 2070 
3693 1586 83 2072 
3694 84 582 2072 
3695 636 124 2071 
3696 655 52 2069 
3697 1702 1207 2075 
3698 703 1759 2076 
3699 340 167 2077 
3700 166 695 2077 
3701 400 235 2078 
3702 236 696 2078 
3703 1585 1143 2079 
3704 1234 1718 2080 
3705 1186 1145 2083 
3706 1251 1252 2085 
3707 1682 1123 2084 
3708 1253 1352 2086 
3709 195 627 2088 
3710 396 196 2088 
3711 398 54 2087 
3712 53 655 2087 
3713 628 1413 2089 
3714 1082 1285 2090 
3715 955 1069 2091 
3716 1595 766 1953 
3717 638 1544 1981 
3718 1399 596 1982 
3719 1339 691 1979 
3720 1375 400 1980 
3721 689 1398 1984 
3722 1587 704 1983 
3723 315 228 2094 
3724 229 635 2094 
3725 1695 744 2095 
3726 1938 1271 2145 
3727 1576 1938 2106 
3728 1849 1596 2096 
3729 49 2 2098 
3730 7 189 2097 
3731 997 1393 2100 
3732 86 7 2097 
3733 2 209 2098 
3734 3 175 2100 
3735 50 3 2100 
3736 122 11 2103 
3737 11 208 2103 
3738 12 158 2102 
3739 253 12 2102 
3740 996 1411 2103 
3741 4 322 2101 
3742 1537 895 2099 
3743 324 10 2099 
3744 1350 4 2101 
3745 10 1427 2099 
3746 6 1086 2104 
3747 85 6 2104 
3748 192 9 2105 
3749 9 103 2105 
3750 1193 1574 2110 
3751 1092 1592 1970 
3752 1261 1562 1972 
3753 1229 1789 1969 
3754 385 1667 2113 
3755 1665 317 2112 
3756 1028 1716 2114 
3757 1752 920 2115 
3758 1173 1175 2120 
3759 1177 1176 2118 
3760 1573 327 2122 
3761 1167 1168 2117 
3762 914 1663 2121 
3763 1540 1541 2125 
3764 933 1028 2123 
3765 1801 912 2116 
3766 920 1763 2119 
3767 1033 1107 2124 
3768 81 618 1954 
3769 102 101 2143 
3770 1718 1134 2144 
3771 1897 892 2144 
3772 1072 1073 2152 
3773 1389 1383 2150 
3774 392 408 2145 
3775 1439 1442 2149 
3776 704 1791 2146 
3777 1389 988 2091 
3778 1969 447 2157 
3779 1036 907 1956 
3780 185 5 2107 
3781 1 13 2108 
3782 159 1 2108 
3783 5 69 2107 
3784 1948 1975 2151 
3785 2121 1102 2122 
3786 1561 2121 2122 
3787 2113 1396 2114 
3788 1185 2113 2114 
3789 1210 1080 1971 
3790 1789 1204 1969 
3791 1202 1203 1968 
3792 1264 1261 1972 
3793 1592 1231 1970 
3794 1674 1346 2062 
3795 1419 1089 2063 
3796 1646 1940 2149 
3797 491 1938 2145 
3798 1948 1159 1975 
3799 1938 491 2106 
3800 1409 629 1957 
3801 1423 641 1975 
3802 617 72 1958 
3803 198 197 1959 
3804 1948 1298 1955 
3805 1962 976 1973 
3806 1951 14 2011 
3807 186 1950 2026 
3808 74 595 1960 
3809 977 1631 1961 
3810 1936 976 1962 
3811 311 1374 1965 
3812 306 1420 1963 
3813 557 384 1964 
3814 1271 1270 1964 
3815 1243 1679 1966 
3816 1735 1272 1965 
3817 1538 307 1967 
3818 581 1608 1966 
3819 1099 1209 1967 
3820 397 1547 1968 
3821 1400 447 1969 
3822 502 1456 1970 
3823 312 1447 1971 
3824 1583 579 1972 
3825 1391 1389 2091 
3826 1593 1948 1955 
3827 1940 1777 2146 
3828 1940 1441 2149 
3829 1412 1934 2001 
3830 976 1728 1973 
3831 596 79 1974 
3832 1961 1631 1979 
3833 1450 1452 2155 
3834 1280 1936 1962 
3835 1159 1585 1975 
3836 766 1945 2155 
3837 1961 1979 2147 
3838 51 1393 2069 
3839 1537 1821 2070 
3840 123 1411 2071 
3841 1199 1421 2089 
3842 697 1574 2090 
3843 1588 1587 1983 
3844 169 168 1976 
3845 226 227 1977 
3846 1070 1403 1978 
3847 1197 1985 1991 
3848 1990 703 2076 
3849 1207 1996 2075 
3850 1975 641 2151 
3851 1631 1186 1979 
3852 1273 1095 1980 
3853 1076 1682 1981 
3854 1249 1251 1982 
3855 1777 1097 1983 
3856 1352 1248 1984 
3857 2006 1573 2122 
3858 2004 914 2121 
3859 317 2002 2112 
3860 1175 2034 2120 
3861 2025 1177 2118 
3862 1541 2041 2125 
3863 2027 920 2119 
3864 1168 2020 2117 
3865 920 2027 2115 
3866 912 2024 2116 
3867 1028 2048 2123 
3868 1107 2046 2124 
3869 2051 385 2113 
3870 2048 1028 2114 
3871 1441 1940 2146 
3872 1596 1953 1986 
3873 893 614 1987 
3874 893 1987 1988 
3875 987 893 1988 
3876 1208 1098 1990 
3877 838 702 1989 
3878 1196 1197 1991 
3879 521 538 1992 
3880 1192 1549 1993 
3881 540 546 1994 
3882 1292 1191 1995 
3883 1650 481 1996 
3884 422 410 1997 
3885 1997 410 1998 
3886 410 390 1998 
3887 1669 1668 1999 
3888 1130 1779 2000 
3889 1346 1548 2062 
3890 1089 1274 2063 
3891 1198 1199 2089 
3892 1766 697 2090 
3893 1934 1172 2001 
3894 1326 1164 2012 
3895 1179 1311 2032 
3896 1165 1572 2002 
3897 1561 1558 2004 
3898 26 27 2003 
3899 773 771 2005 
3900 1102 1027 2006 
3901 19 20 2007 
3902 1677 909 2008 
3903 1428 1555 2009 
3904 14 15 2011 
3905 908 910 2010 
3906 28 29 2013 
3907 2015 31 2016 
3908 31 32 2016 
3909 1103 1105 2014 
3910 30 31 2015 
3911 1351 583 2020 
3912 1160 1746 2017 
3913 40 41 2022 
3914 2019 34 2021 
3915 33 34 2019 
3916 47 48 2018 
3917 1426 1425 2027 
3918 34 35 2021 
3919 1377 1380 2024 
3920 630 1458 2025 
3921 187 186 2026 
3922 834 833 2023 
3923 36 37 2028 
3924 1267 1277 2029 
3925 130 129 2031 
3926 1162 1885 2030 
3927 1713 399 2034 
3928 126 125 2035 
3929 1606 1867 2033 
3930 1324 1342 2043 
3931 1171 1542 2036 
3932 134 133 2037 
3933 1170 1169 2038 
3934 132 131 2039 
3935 136 135 2040 
3936 1827 652 2041 
3937 720 718 2042 
3938 716 714 2044 
3939 1394 305 2047 
3940 143 142 2045 
3941 309 1444 2046 
3942 2047 305 2049 
3943 1396 1395 2048 
3944 679 677 2050 
3945 305 1675 2049 
3946 155 154 2053 
3947 1185 1183 2051 
3948 154 2052 2053 
3949 154 153 2052 
3950 1600 1091 2054 
3951 1255 1256 2055 
3952 1257 1594 2056 
3953 1577 1578 2156 
3954 1201 1100 2057 
3955 1266 1268 2058 
3956 1277 1265 2059 
3957 203 202 2060 
3958 211 212 2061 
3959 1673 1674 2062 
3960 1418 1419 2063 
3961 1956 988 2150 
3962 230 231 2064 
3963 1662 1238 2065 
3964 99 98 2066 
3965 380 382 2067 
3966 2074 1208 2076 
3967 1207 1206 2073 
3968 1209 1208 2074 
3969 194 193 2068 
3970 52 51 2069 
3971 1286 1537 2070 
3972 1821 741 2070 
3973 1393 1390 2069 
3974 124 123 2071 
3975 1411 1412 2071 
3976 83 84 2072 
3977 971 1690 2073 
3978 1081 1210 2074 
3979 1452 1953 2155 
3980 1081 2074 2076 
3981 1291 1702 2075 
3982 1759 1081 2076 
3983 167 166 2077 
3984 235 236 2078 
3985 1699 867 2109 
3986 1143 1198 2079 
3987 1236 1234 2080 
3988 1219 1201 2081 
3989 1268 1269 2082 
3990 1145 1818 2083 
3991 1123 1600 2084 
3992 1252 1255 2085 
3993 1594 1253 2086 
3994 54 53 2087 
3995 196 195 2088 
3996 1421 628 2089 
3997 1574 1082 2090 
3998 988 955 2091 
3999 1572 913 2132 
4000 1212 1101 2131 
4001 553 1429 2141 
4002 1425 304 2134 
4003 1180 1220 2133 
4004 1378 1379 2135 
4005 633 1426 2136 
4006 1323 2127 2128 
4007 1323 1325 2127 
4008 402 1323 2128 
4009 1541 932 2142 
4010 1664 2129 2130 
4011 1664 1182 2129 
4012 837 1664 2130 
4013 1435 1437 2140 
4014 1451 584 2138 
4015 1809 835 2139 
4016 1452 1451 2137 
4017 2137 1451 2138 
4018 1275 1276 2093 
4019 2112 1572 2132 
4020 2115 1425 2134 
4021 1426 2119 2136 
4022 744 1939 2095 
4023 103 1942 2105 
4024 322 1944 2101 
4025 1945 253 2102 
4026 1086 1943 2104 
4027 1941 86 2097 
4028 209 1946 2098 
4029 1386 1976 2153 
4030 228 229 2094 
4031 2086 1352 2160 
4032 1682 2084 2161 
4033 1251 2085 2159 
4034 1186 2083 2158 
4035 1953 1452 1986 
4036 1442 1443 2095 
4037 8 102 2154 
4038 892 8 2154 
4039 995 1951 2081 
4040 1950 994 2082 
4041 1578 1576 2106 
4042 1937 1577 2156 
4043 1443 1849 2096 
4044 1094 1946 2093 
4045 447 2060 2157 
4046 491 1952 2106 
4047 1941 1337 2092 
4048 69 994 2107 
4049 995 159 2108 
4050 1200 1350 2101 
4051 189 1337 2097 
4052 175 997 2100 
4053 1094 49 2098 
4054 208 996 2103 
4055 895 324 2099 
4056 158 1093 2102 
4057 582 85 2104 
4058 998 192 2105 
4059 641 1977 2151 
4060 1410 1957 2126 
4061 1195 1193 2110 
4062 1979 691 2147 
4063 867 1949 2109 
4064 1384 1385 2148 
4065 1973 1036 2148 
4066 1559 1665 2112 
4067 1667 1396 2113 
4068 1716 1185 2114 
4069 1178 1752 2115 
4070 1168 1801 2116 
4071 1276 1167 2117 
4072 1176 1216 2118 
4073 1763 1163 2119 
4074 1221 1173 2120 
4075 1663 1102 2121 
4076 327 1561 2122 
4077 1181 933 2123 
4078 1543 1540 2125 
4079 1214 1033 2124 
4080 1939 1442 2095 
4081 1559 2112 2132 
4082 1178 2115 2134 
4083 2119 1163 2136 
4084 691 1959 2147 
4085 2127 1106 2128 
4086 1422 1106 2127 
4087 1106 1214 2128 
4088 2129 1434 2130 
4089 1433 1434 2129 
4090 1434 1436 2130 
4091 1556 406 2131 
4092 1560 1559 2132 
4093 693 1714 2133 
4094 1216 1178 2134 
4095 1747 1177 2135 
4096 1163 1217 2136 
4097 1227 1228 2138 
4098 1228 1811 2137 
4099 1228 2137 2138 
4100 1436 1435 2139 
4101 1166 1219 2141 
4102 1107 1809 2140 
4103 1344 1343 2142 
4104 1158 1934 2126 
4105 101 619 2143 
4106 1134 1897 2144 
4107 1382 1956 2150 
4108 408 491 2145 
4109 1791 1441 2146 
4110 1441 1439 2149 
4111 1383 1382 2150 
4112 1073 1205 2152 
4113 1197 1937 2156 
4114 341 1339 2158 
4115 1398 580 2160 
4116 1582 638 2161 
4117 688 1399 2159 
4118 1230 1229 2157 
4119 1942 998 2105 
4120 1944 1200 2101 
4121 1943 582 2104 
4122 1093 1945 2102 
4123 1337 1941 2097 
4124 1946 1094 2098 
4125 1578 1985 2156 
4126 1952 1578 2106 
4127 994 1950 2107 
4128 1951 995 2108 
4129 1950 185 2107 
4130 13 1951 2108 
4131 1208 1990 2076 
4132 1996 481 2075 
4133 1298 1948 2151 
4134 2002 1572 2112 
4135 1561 2004 2121 
4136 1102 2006 2122 
4137 2024 1380 2116 
4138 2027 1425 2115 
4139 2020 583 2117 
4140 630 2025 2118 
4141 1426 2027 2119 
4142 2034 399 2120 
4143 2041 652 2125 
4144 1396 2048 2114 
4145 1185 2051 2113 
4146 2046 1444 2124 
4147 2048 1395 2123 
4148 2029 1277 2092 
4149 1209 2074 2111 
4150 2074 1210 2111 
4151 1957 1158 2126 
4152 1809 2139 2140 
4153 2139 1435 2140 
4154 1959 1302 2147 
4155 1953 766 2155 
4156 1302 1961 2147 
4157 1385 1973 2148 
4158 1976 1280 2153 
4159 1280 1962 2153 
4160 1977 1298 2151 
4161 2060 1230 2157 
4162 1985 1197 2156 
4163 2084 1582 2161 
4164 2085 688 2159 
4165 2083 341 2158 
4166 580 2086 2160 
$EndElements
